{
  "DeadlyEnemies": {
    "NAME": "Спис моровиці",
    "DESCRIPTION": [
      "Вороги наносять на #b",
	  "% більше шкоди."
    ]
  },
  "ToughEnemies": {
    "NAME": "Щит моровиці",
     "DESCRIPTION": [
      "Вороги мають на #b",
	  "% більше ОЗ."
    ]
  },
  "TimeMaze": {
    "NAME": "Часовий лабіринт",
     "DESCRIPTION": [
      "Ви не можете грати більше #b",
      " карт за хід.",
	  "Я не можу зіграти більше NL #r карт"
    ]
  },
  "TwistingMind": {
    "NAME": "Кривизна розуму",
     "DESCRIPTION": [
      "На прикінці Вашого руху, додає #b",
	  " випадкову Статус карту наверх добору.",
	  ""
    ]
  },
  "Accursed": {
    "NAME": "Окаяння",
     "DESCRIPTION": [
      "Щоразу Ви поб’єте Князя, отримаєте #b",
	  " випадкових #yПрокляття.",
	  ""
    ]
  },
  "Scatterbrain": {
    "NAME": "Розсіювання",
     "DESCRIPTION": [
      "Тасуєте на #b",
	  " менше карт у кожному ході.",
	  ""
    ]
  },
  "MimicInfestation": {
    "NAME": "Зараження Елітою",
     "DESCRIPTION": [
      "У майбутніх Актах, скарбниці замінюються Елітою. Еліта більше не залишає по собі амулети."
    ]
  },
  "FullBelly": {
    "NAME": "Без-апетитність",
     "DESCRIPTION": [
      "Ви більше не можете збільшити макс. ОЗ. Усе зцілення зменшується вдвічі."
    ]
  },
  "GrotesqueTrophy": {
    "NAME": "Спотворений трофей",
     "DESCRIPTION": [
      "Підбираючи, отримуєте #b",
	  " #rГордині.",
	  "Ваша гординя спотворена..."
    ]
  },
  "BlightedDurian": {
    "NAME": "Після Дуріана",
     "DESCRIPTION": [
      "Втрачаєте #b",
	  "% макс. ОЗ."
    ]
  },
  "VoidEssence": {
    "NAME": "Сутність порожнечі",
     "DESCRIPTION": [
      "Отримуєте на #b",
      " менше [R] на початку кожного руху.",
      " менше [G] на початку кожного руху.",
      " менше [B] на початку кожного руху."
    ]
  },
  "GraspOfShadows": {
    "NAME": "Зараження нечистю",
     "DESCRIPTION": [
      "Вороги починають бій з #b",
	  " #yУхилянням."
    ]
  },
  "MetallicRebirth": {
    "NAME": "Стародавнє зміцнення",
     "DESCRIPTION": [
      "Вороги починають бій з #b",
	  " #yАртефактами, #b",
	  " #yПанцерної #yброні, та #b",
	  " #yВідродження."
    ]
  }
}