{
  "ANIMATION": {
    "HEADER": "Анімація Персонажів",
    "NAMES": [
      "Julio Duque Montero",
      "Jon Sandler"
    ]
  },
  "DEV": {
    "HEADER": "Розробка та Дизайн",
    "NAMES": [
      "Anthony Giovannetti",
      "Casey Yano"
    ]
  },
  "ILLUSTRATION": {
    "HEADER": "Промо та Ілюстрація Фонів",
    "NAMES": [
      "Bruce Brenneise"
    ]
  },
  "LOC_ADDITIONAL": {
    "HEADER": "Додаткові Переклади",
    "NAMES": [
      "MoGi Group"
    ]
  },
  "LOC_CAT": {
    "HEADER": "Каталонська Локалізація",
    "NAMES": [
	]
  },
  "LOC_DEU": {
    "HEADER": "Німецька Локалізація",
    "NAMES": [
      "Joshua \"Joshipon\" Wiegand ",
      "Dustin \"Skrelpoid\" Kristen",
      "Jonas Trodler",
      "Hongkong Koma",
      "Moly",
      "koykoy13"
    ]
  },
  "LOC_FRA": {
    "HEADER": "Французька Локалізація",
    "NAMES": [
      "Xavier \"Blagatt\" Dupont",
      "Malik \"Devexia\" Leonarski",
      "Thomas \"Elgerine\" Ferry",
      "Vincent \"Henip\" Bartoux",
      "Alexandre \"Judgy\" Gaubert",
      "Vincent \"MissingNoShiny\" Larcin",
      "Nicky \"Qazahar\" Dehout",
      "Julien \"RoPeTTe\" Ropero",
      "Hugo \"Tagadda\" Vurpillot",
      "Corentin \"Tchus\" Monfort",
      "Zachary \"WyvernZed\" Janisse"
    ]
  },
  "LOC_GRE": {
    "HEADER": "Грецька Локалізація",
    "NAMES": [
      "Kotsos \"Iglor\" Diamond"
    ]
  },
  "LOC_ITA": {
    "HEADER": "Італійська Локалізація",
    "NAMES": [
      "Hob",
      "Mero Marco",
      "Luigi Squarzina"
    ]
  },
  "LOC_JPN": {
    "HEADER": "Японська Локалізація",
    "NAMES": [
      "Grezzz"
    ]
  },
  "LOC_KOR": {
    "HEADER": "Корейська Локалізація",
    "NAMES": [
      "Менеджер Перекладів:",
      "Eteriny",
      "Переклад:",
      "Simcoding",
      "DesFrog",
      "Fissh",
      "insight",
      "K4lium",
      "hina",
      "Переклад сторінки в Steam:",
      "GyeRyak"
    ]
  },
  "LOC_NOR": {
    "HEADER": "Норвезька Локалізація",
    "NAMES": [
      "Eystein Jarp"
    ]
  },
  "LOC_POL": {
    "HEADER": "Польська Локалізація",
    "NAMES": [
      "Переклад та Координація:",
      "Stanis³aw \"ST4H\" Borkowski",
      "Oskar \"volf3n\" Nowak",
      "Додаткові Переклади:",
      "Adrian \"xeros\" Rolka",
      "Коректура:",
      "Oskar \"volf3n\" Nowak",
      "Пропозиції та Відгуки:",
      "Kasper \"Awokado\" Beræ",
      "Pawe³ \"BASTIL\" Kaleta",
      "Grzegorz \"GregPL\" Bogus³awski",
      "Erwin \"mateusz3010\" Matys",
      "Mettie",
      "Rafa³ \"SponTon83\" Szyszko"
    ]
  },
  "LOC_PTB": {
    "HEADER": "Бразильсько-Португальська Локалізація",
    "NAMES": [
      "Guilherme \"GPerego\" Perego",
      "Gustavo \"KomKlave\" Duarte",
      "José \"Maneimax\" Vasconcelos",
      "Leonardo \"Iikat\" Takii",
      "Nathan \"NoxShadow\" Cervieri",
      "Paulo \"SilverTape\" Hauck"
    ]
  },
  "LOC_RUS": {
    "HEADER": "Російська Локалізація",
    "NAMES": [
      "Переклад та Координація:",
      "Ivan \"Ingrett\" Khoroshunenko",
      "Переклад та Репозиторія:",
      "Vladislav \"Vlad-00003\" Bolshakov",
      "Пропозиції та Відгуки:",
      "Mikhail \"Outmind\" Dyuzhev",
      "Bohdan \"DarkRosse\" Kalytiuk",
      "Sergey \"lol10801lol\" K.",
      "Ascimator",
      "Kateryna \"Meds\" Belimenko-Bolger",
      "Alexey \"Surrealistic Ganerson\" Popov",
      "Alexandr \"LiaNdrY\" Mazistov",
      "Dmitry \"Regallion\" Zhiryakov",
      "Переклад Крамниці:",
      "Urist McFerrum"
    ]
  },
  "LOC_SRB": {
    "HEADER": "Сербська Локалізація",
    "NAMES": [
      "Nikola \"hauzer\" Vukosavljevic"
    ]
  },
  "LOC_TUR": {
    "HEADER": "Турецька Локалізація",
    "NAMES": [
      "Erdem Gürbüz"
    ]
  },
  "LOC_ZHS": {
    "HEADER": "Китайська (Спрощена) Локалізація",
    "NAMES": [
      "Sound of Mystery"
    ]
  },
  "LOC_UKR": {
    "HEADER": "Українська Локалізація",
    "NAMES": [
      "Vladyslav \"DarkXylese\" Kashtelyanov"
	]
  },
  "LOC_ZHT": {
    "HEADER": "Китайська (Традиційна) Локалізація",
    "NAMES": []
  },
  "OPS": {
    "HEADER": "Операції та Метрика",
    "NAMES": [
      "Danielle Jenkins",
      "Jake Rabinowitz"
    ]
  },
  "PORTRAITS": {
    "HEADER": "Портрети Карт та Ілюстрації для Подій",
    "NAMES": [
      "Anailis Dorta"
    ]
  },
  "SOUND": {
    "HEADER": "Музика та Звуки",
    "NAMES": [
      "Clark Aboud"
    ]
  },
  "SPECIAL": {
    "HEADER": "Особлива Подяка",
    "NAMES": [
      "Harry Rabinowitz",
      "Kevin \"Billy\" Matheson",
      "Anthony Roybal",
      "Lee Beckman",
      "Sam Welch",
      "feedbackbot",
      "Evan Howell",
      "Justin Myhres",
      "robojumper"
    ]
  },
  "TEST": {
    "HEADER": "Ігропроби",
    "NAMES": [
      "Agari",
      "Daria Anderson",
      "Zac Bauermeister",
      "Nick Becker",
      "Esther Beckman",
      "Leo Chen",
      "Brian Chau",
      "Dan D’Argenio",
      "David Delorenzo",
      "Tim Erskine",
      "Benjamin Finkel",
      "Rajiv Giridharagopal",
      "Wyatt Grodzins",
      "Ren Howell",
      "Kyle James",
      "Ryan Mathisen",
      "Anthony McMillian",
      "Brad Meine",
      "Jacob Morris",
      "Alex Rockwell",
      "Greg Scheopner",
      "John \"Slide20xl\" Smith",
      "Aaron Taggart",
      "Alexander Toy",
      "Merijn van der Vliet",
      "David Von Derau",
      "Conor Watson",
	  "David \"divadus\" Withington"
    ]
  },
  "THANKS_MSG": {
    "HEADER": "...та дякуємо Вам!",
    "NAMES": []
  },
  "VOICE": {
    "HEADER": "Голосовий Талант",
    "NAMES": [
      "Tamara Ryan",
      "Michael Schwalbe"
    ]
  }
}