{
  "Accursed Blacksmith": {
    "NAME": "Зловісна ковальня",
    "DESCRIPTIONS": [
      "Занурюючись у невелику хатинку Ви знаходите щось схоже на ковальню. Інструменти покриті пилом, однак у печі все ще горить вогонь. Ви трохи занепокоєні…",
      "Ви рішили скористатися кузнею… NL #y@КЛААНҐ@ #y@КЛААААНҐ@ #y@КЛАНҐ!@ NL …й поліпшили свій арсенал!",
      "Ви рішили облазити щоби знайти що-небудь корисне… Після багатьох пасток, пустих скриньок, Ви знаходите запилений #y~амулет!~ ",
      "Додаючи кінцеві штрихи, полум'я з кузні скочить на Вас, #r@випалюючи@ #r@та@ #r@лишаючи рубці@ на руках…",
      "Ви не можете позбутися цього #r~бридкого~ #r~почуття~, виходячи з хатини. Можливо, Ви збентежили якогось духа?",
      "Там немає нічого корисного. Ви виходите звідти звідки й прийшли, а полум'я печі так і відкидає #p~моторошні~ #p~тіні~ на стінах усередині хатини…"
    ],
    "OPTIONS": [
      "[Кувати] #gПоліпшити #gкарту. #r25%: #rОтримати #rПрокляття #r- #rВдар.",
      "[Обшукати] #gОтримуєте #gамулет. #r75%: #rОтримати #rПрокляття #r- #rЗакономірність.",
      "[Покинути]",
      "Оберіть та поліпшіть карту",
      "[Заблоковано] Усі карти вже поліпшені"
    ]
  },
  "Addict": {
    "NAME": "Залежний",
    "DESCRIPTIONS": [
      "Намагаючись прокрастись через товпу людей, голий, червоношкірий чоловік підходить до Вас. NL «Чи є у тебе трохи #yМ.І.Ч.-і, друже? У мене вже все @здригається@! Будь ласка… може #yЗолото?» NL Він здається маревним, та нешкідливим.",
      "«О ТА, ~Так!~ Ось ось, справедливий обмін!»",
      "Наркоман кидається, кричить й проклинає вас. NL Ви тікаєте, не приваблюючи забагато уваги."
    ],
    "OPTIONS": [
      "[Запропонувати Золото] #y",
      " #yЗолота: #gОтримати #gамулет.",
      "[Заблоковано] Потребує: ",
      " Золота.",
      "[Віддати М.І.Ч.] #gОтримати #gамулет. #rВтрачаєте М.І.Ч.",
      "[Заблоковано] Потребує: М.І.Ч.",
      "[Покинути] Ігнорувати наркомана.",
      "[Покинути]"
    ]
  },
  "Back to Basics": {
    "NAME": "Стародавнє письмо",
    "DESCRIPTIONS": [
      "Проходячи містом, ви помічаєте стіну, вкриту писемністю #y~Древніх.~ Намагаючись зрозуміти що ті загадкові символи означають, писемність починає #b~сяяти.~ NL Раптом, усе стає зрозумілим…",
      "Відповідь - вишуканість. NL Авжеж!",
      "Правда завжди проста."
    ],
    "OPTIONS": [
      "[Вишуканість] #gУсуньте #gкарту #gз #gколоди.",
      "[Простота] #gПоліпшити #gусі #gУдари #gта #gЗахисти.",
      "Оберіть та усуньте карту.",
      "[Покинути]"
    ]
  },
  "Beggar": {
    "NAME": "Старий безхатько",
    "DESCRIPTIONS": [
      "Старий жебрак, одягнений у хутро, простягається до Вас, як ви проходите. «Допоможи старому, хлопчино?»",
      "Проходячи, жебрак повертається в підлогу. NL «Ти ніколи не зміниш світ… ніколи.»",
      "Жебрак знімає свій плащ, та показується #bЦерковником! NL @«У@ @тебе@ @добра@ @душа.@ @Отримай@ @моє@ @благословіння!»@ закричав церковник. NL Ви не впевнені, бути вдячним чи сердитим.",
      "@«Я@ @сподіваюсь,@ @ти@ @зробиш@ @краще@ @у@ @сей@ @час,@ @друже!»@ закричав він. NL Гадаючи, що він мав до уваги, Ви рушаєте вперед."
    ],
    "OPTIONS": [
      "[Запропонувати Золото] #y",
      " #yЗолота: #gУсуньте #gкарту #gз #gколоди.",
      "[Заблоковано] Потребує: ",
      " Золото.",
      "[Продовжити]",
      "[Покинути]",
      "Оберіть та усуньте карту."
    ]
  },
  "Big Fish": {
    "NAME": "Передостання вечеря",
    "DESCRIPTIONS": [
      "Проходячи коридором, Ви бачите #yбанан, #yпончик, та #yпакунок ~у~ ~повітрі.~ Ні… при ліпшому огляді, вони прив'язані нитками до отворів у стелі. NL Що зробимо?",
      "Ви їсте #yбанан. Він заживний і трохи #bчарівний, зцілює Вас.",
      "Ви їсте #yпончик. Це справді смачно! Ваше макс ОЗ збільшується.",
      "",
      "Ви хапаєте пакунок. Усередині, Ви знаходите #yамулет!",
      " NL Проте, Ви дійсно жадали того пончика… NL Ви наповнені ~скорботою,~ але в основному відчуваєте себе #rбанно."
    ],
    "OPTIONS": [
      "[Банан] #gЗцілюєтесь на #g",
      " #gОЗ.",
      "[Пончик] #gМакс #gОЗ #g+",
      ".",
      "[Пакунок] #gОтримати #gамулет. #rОтримати #rПрокляття #r- #rЖурба.",
      "[Покинути]"
    ]
  },
  "Bonfire Elementals": {
    "NAME": "Вогнище духів",
    "DESCRIPTIONS": [
      "Ви натрапляєте на групу #pфіолетових #pпалаючих #pдухів, які ~танцюють~ навколо великого вогнища. NL ",
      "Духи кидають маленькі кістки у вогонь, який ~блискуче~ ~вибухає~ кожного разу. NL Наближаючись, духи одночасно обертаються до Вас…",
      "Ви кидаєте пожертвування у вогонь. NL NL ",
      "Проте духи не раді що Ви запропонували їм #pпрокляття… Картка згорає чорним димом. Ви отримуєте… #p~щось~ навзаєм.",
      "Нічого не відбувається… NL Схоже, що духи тепер ігнорують Вас. Журно…",
      "Полум'я зростає. NL Духи продовжують танцювати. Вам тепліше від їх присутності… NL #gЗцілюєтеся на #b5 ОЗ.",
      "Полум'я рветься, зростаючи чимраз більше! NL Духи танцюють навколо вас галопом, наповнюючи вас ~теплом.~ NL Повністю #gЗцілюєтеся.",
      "Полум'я @вибухає,@ практично збиваючи Вас з ніг, тим часом вогонь @подвоюється@ в силі. NL Духи танцюють навколо Вас у захваті, ~зливаючись~ ~у~ ~Вас~ наповнюючи вас теплом і міццю. NL Ваше макс. ОЗ збільшується на #b10 і Ви повністю #gЗцілюєтеся."
    ],
    "OPTIONS": [
      "[Продовжити]",
      "[Покинути]",
      "[Запропонувати] Отримати винагороду залежно від пропозиції.",
      "Виберіть картку для пропозиції."
    ]
  },
  "Cursed Tome": {
    "NAME": "Проклятий Том",
    "DESCRIPTIONS": [
      "У занедбаному храмі ви знаходите здоровенну книгу, відкриту, заповнену #p@загадковими@ #p@творами.@ NL NL Намагаючись вбагнути складні твори, воно починає #b~ворушитись~ та #b~змінюватися~ у щось Вам знайоме.",
      "Дивно. Книга здається оповідає про #yДревнього за ім’ям #yНяу. NL NL Це Вас зацікавило, однак Ви почуваєтесь вельми #p~слабо.~",
      "Древній воскресіння, #yНяу, була заслана до долу вежі. NL NL Ви мусите читати далі, але ваше тіло починає #r~щеміти.~",
      "Шукаючи помсту, #yНяу благословляє чужих, використовуючи їх для своїх цілей. NL NL Ви починаєте відчувати себе дуже #r~слабким~ #r~та~ #r~втомленим…~",
      "Ті, відродженні #yНяу, пам'ятають лише фрагменти свого минулого, прокляті битися вічно. NL NL Дочитуючи останню сторінку, Ваші #r@старі@ #r@рани@ #r@починають@ #r@відкриватися!@",
      "Закінчивши, ви рішаєте взяти його з собою. З доказами в руках, Ви збережете свою пам'ять?",
      "Виходячи, Ви відчуваєте #p~темну~ #p~енергію~ #p~яка~ #p~випромінюється~ з книги на підмурів'ї.",
      "З неймовірною силою волі, пручаючися трансу тома, Ви @ХЛОП@ й закрили книгу. NL Обертаючись, Ви виходите з храму, #b~виснаженим…~"
    ],
    "OPTIONS": [
      "[Читати]",
      "[Продовжити] #rВтрачаєте #r1 #rОЗ.",
      "[Продовжити] #rВтрачаєте #r2 #rОЗ.",
      "[Продовжити] #rВтрачаєте #r3 #rОЗ.",
      "[Зупинитись] #rВтрачаєте #r3 #rОЗ.",
      "[Взяти] #gОтримуєте #gКнигу. #rВтрачаєте #r",
      " #rОЗ.",
      "[Покинути]"
    ]
  },
  "Dead Adventurer": {
    "NAME": "Мертвий вандрівник",
    "DESCRIPTIONS": [
      "Обшукуючи мандрівника, зненацька, з’являється князь!",
      "Ви полишаєте місцевість, без звуку.",
      "Ви знаходите #rмертвого #rмандрівника на підлозі. NL Його #bштанці вкрадені! Також, ",
      "броня та лице, певно, #r@обпалені@ #r@вогнем.@ ",
      "здаєтесь, його #r@розбили@ #r@та@ #r@розтоптали@ рогаті звірі. ",
      "очевидно, його #r@спустошили@ #r@та@ #r@розрізали@ гігантськими кігтями. ",
      "NL Хоча його #yречі #yнепошкоджені, Ви не знаєте, що тут трапилося…",
      "Ви знайшли трохи #yзолота! NL Продовжити пошук?",
      "Хммм, тут нічого катма… NL Продовжити пошук?",
      "Ви знайшли #yамулет! Продовжити пошук?",
      "Схоже, Ви обшукали всі його речі!"
    ],
    "OPTIONS": [
      "[Шукати] #gЗнайти #gГарб. #r",
      "[Покинути]",
      "[Битися]",
      "[Продовжити] #gЗнайти #gГарб. #r",
      "%: #rкнязь #rповертається."
    ]
  },
  "Drug Dealer": {
    "NAME": "М.І.Ч. Торговець",
    "DESCRIPTIONS": [
      "Чоловік з піратською пов’язкою й диявольською посмішкою наближується до Вас. NL «Агов, зайда. Чи цікавить Вас трохи #yМ.І.Ч.-і? Воно зробить вас сильніше, ніж будь-яке там тренування чи благословіння. Воно тобі бде потрібне, якщо ти один з тих „героїв“, які бажають смерті. NL Що мі скажеш? Хочеш #yЗМІЧНІТИ?» NL ",
      "~«Чудово.»~ NL Чоловік передає Вам небезпечну на вигляд шприцу, наповнену сяючою рідиною, зникаючи у темну алею.",
      "«Все одно, завжди є інший…» NL Повернувшись, він втупив у темну алею."
    ],
    "OPTIONS": [
      "[Заплатити] #y",
      " #yЗолота: #gЗМІЧНІШАТИ.",
      "[Заблоковано] Потребує: ",
      " Золота.",
      "[Покинути]",
      "[Відмовити]"
    ]
  },
  "Duplicator": {
    "NAME": "Подвоювач",
    "DESCRIPTIONS": [
      "Перед Вами, розташований всебічний вівтар, забутому Богу.",
      "Стоячи на коліні, проявляючи повагу, моторошне дзеркальне відображення з'являється з храму й летить у Ваш бік.",
      "Ви обминаєте святиню."
    ],
    "OPTIONS": [
      "[Благати] #gПодвоїти #gкарту #gу #gколоді.",
      "[Покинути]",
      "Оберіть та подвойте карту."
    ]
  },
  "Falling": {
    "NAME": "Падіння",
    "DESCRIPTIONS": [
      "Рухаючись угору, брикаючи з однієї каменюки на іншу, Ви посковзнулися. NL NL Падаючи…",
      "Ви розглядаєте свої варіанти: NL Приземлитися безпечно використовуючи свою бездоганну вправність. NL Використати Талант, щоб вижити падіння. NL Хватонути й заціпитися за стіну.",
      "Ви приземляєтеся надзвичайно елегантно.",
      "Використовуючи й витрачаючи частку своєї сирої сили, вам вдається обережно приземлитися.",
      "Вам вдається заціпитися за стіну, й легко піднятися на стійку місцину.",
	  "Ви падаєте повільно, наче пір'їнка, приземляючися без подряпин."
    ],
    "OPTIONS": [
      "[Продовжити]",
      "[Приземлитись] #rВтрачаєте ",
      "[Заблоковано] Потребує: Вміння",
      "[Використати] #rВтрачаєте ",
      "[Заблоковано] Потребує: Талант",
      "[Хватнути] #rВтрачаєте ",
      "[Заблоковано] Потребує: Атаку",
      "[Покинути]",
	  "[Приземлитися] "
    ]
  },
  "Forgotten Altar": {
    "NAME": "Забутий вівтар",
    "DESCRIPTIONS": [
      "Перед вами вівтар забутого бога. NL Над вівтарем сидить жіноча статуя з витягнутими руками. NL Вона закликає вас, вимагаючи жертви.",
      "Помалу кладучи ідола на вівтар, #bхолодний вітер завихрив по кімнаті. NL Руки статуї руйнуються. NL NL Ваш #yзолотий #yідол втрачає колір та починає кровоточити з очей. NL Кровотеча ніколи не спиняючись.",
      "Стояче на вівтарі Ви ріжете зап'ястя. NL Поки #rкров виливається з Вас, руки статуї простягаються до Вас, і закривають Вам очі. NL Усе темніє. NL Ви прокидаєтеся через деякий час, відчуваючи увесь новий потенціал.",
      "Ви розбиваєте статую перед вами, руйнуючи чарівне заклинання. NL Темний стогін лунає навколо вас, і Ви відчуваєте #p~прокляту~ #p~магію~ яка проникає усі Ваші кісточки."
    ],
    "OPTIONS": [
      "[Запропонувати: Золотого ідола] #gОтримати #gособливий #gамулет. #rВтрачаєте #rЗолотого #rідола.",
      "[Заблоковано] Потребує: Золотого ідола.",
      "[Пожертвувати] #gОтримуєте #g",
      " #gмакс. #gОЗ. #rВтрачаєте #r",
      " #rОЗ.",
      "[Заблоковано] Потребує: Humanity.",
      "[Осквернити] #rОтримати #rПрокляття #r- #rЗанепад."
    ]
  },
  "Fountain of Cleansing": {
    "NAME": "Святобожий фонтан",
    "DESCRIPTIONS": [
      "Бродячи, Ви натикаєтеся на #b~полискуючу~ воду, у безкінечному фонтані на стіні.",
      "П'ючи #b~воду,~ Ви відчуваєте як всяка #pнечисть #pвтрачає усі сили.",
      "Не впевнені, Ви оминаєте цю воду. Виснаженим."
    ],
    "OPTIONS": [
      "[Пити] #gПрибрати #gусі #gпрокляття #gз #gколоди.",
      "[Покинути]"
    ]
  },
  "Ghosts": {
    "NAME": "Рада духів",
    "DESCRIPTIONS": [
      "Продовжуючи свій підйом, #p~густий~ #p~чорний~ #p~дим~ заповнює кімнату з землі й стін навколо Вас, зростаючись у три маскуванні особи, які починають базікати. NL NL ~«Ще~ одна~ ~лялька~ #y~Няу,~ ~мені~ ~здається.»~ NL #r@«ПОГОДЖУЮСЬ!@ #r@ВОНА@ #r@ЗАВШЕ@ #r@РОБИТЬ@ #r@СОНЦЕЛИКІ@ #r@ЦЯЦІ!»@ NL NL Ви помічаєте чималу посмішку у третьої особи. NL «Не зважай на інших… Не хотів би спробувати злегка #y~сил~ наших?» ",
      "",
      "#y«Відмінно!» NL Розмовляючи, Ви помічаєте як посмішка примарної особи ширшає. #p~Густий~ #p~чорний~ #p~дим~ витікає з неї та огортає кімнату. Втрачаючи свідомість… NL NL Задихаючись… сенсація зникає. NL NL Чим би не була, та нечисть, вона вже зникнула. Ви продовжуєте подорож, почуваючи себе #bпустішим.",
      "«А жаль…» NL ~«Рано~ ~чи~ ~пізно~ ~ти~ ~все~ ~одно~ ~приєднаєшся~ ~до~ ~нас.»~ NL #r@«ХА@ #r@ХА@ #r@ХА@ #r@ХАХАХА!»@ NL NL Примари зникають, лишаючи по собі дзвінкий сміх.",
      ""
    ],
    "OPTIONS": [
      "[Прийняти] #gОтримуєте #g5 Мар. #rВтрачаєте #r",
      "% #rмакс #rОЗ.",
      "[Відмовити]",
      "",
      "",
      "[Покинути]"
    ]
  },
  "Golden Idol": {
    "NAME": "Золотий ідол",
    "DESCRIPTIONS": [
      "Ви знаходите непомітний п'єдестал з мирно сидячим, #yблискучим, #yзолотим, #yідолом наверху. Він виглядає неймовірно дорогоцінним. NL NL Ви впевнені що поблизу немає пасток.",
      "Хапаючи ідола, гігантський валун розбиває стелю й падає поруч з вами. NL Ви розумієте, що підлога схилена набік, як валун починає рухатися на Вас.",
      "@БІІІІІЖИИИИИИ!@ NL Ви ледь стрибаєте у бічну вилицю. Валун проноситься мимо ледве задіваючи Вас.",
      "Ви кидаєте себе на валу усіма силами. Як пил улігся, Ви безпечно покинули те місце.",
      "@ПЛЮСК!@ NL Валун рівняє Вас ~трохи~ з землею, але крім цього, усе файно.",
      "Це ж явно пастка! NL Ви рішаєте не чіпати розміщеного на п'єдесталі ідола."
    ],
    "OPTIONS": [
      "[Взяти] #gОтримати #gЗолотого #gідола. #rЗадіти #rпастку.",
      "[Покинути]",
      "[Упередити] #rОтримати #rПрокляття #r- #rВдар.",
      "[Розбити вщент] #rОтримати #r",
      " #rшкоди.",
      "[Заховатися] #rВтрачаєте #r",
      " #rмакс #rОЗ."
    ]
  },
  "Golden Shrine": {
    "NAME": "Святилище збагачення",
    "DESCRIPTIONS": [
      "Перед Вами, розташована всебічна святиня забутому Богу.",
      "Торкаючись святилища, #yзолото крапає з стелі ~поливаючи~ ~Вас~ ~багатством.~ ",
      "З кожним доторком, #yзолото поливає Вас знов й знов! NL NL Хапаючи багатство, щось #rтяжке #rпадає #rна #rВас.",
      "Ви обминаєте святиню."
    ],
    "OPTIONS": [
      "[Благати] #gОтримати #g",
      " #gЗолота.",
      "[Плюгавити] #gОтримати #g250 #gЗолота. #rОтримати #rПрокляття #r- #rЖурба.",
      "[Покинути]"
    ]
  },
  "Golden Wing": {
    "NAME": "Крилата статуя",
    "DESCRIPTIONS": [
      "Серед бескидів й брил ви помітите дивовижну синю статую, нагадуючи крило. NL Ви добачаєте #yзолото, яке випадає з тріщин статуї. Може там усередині є більше…",
      "Хтось колись казав Вам про культ, який поклонявся гігантській птиці. Опускаючись на коліно, Ви молитеся. Ви ~відчуваєте~ … ~легковажність~ . NL NL Прокидаючись через деякий час, відчуваєте себе швидшим.",
      "З усією Вашою силою Ви починаєте дробити статую. NL Вона скоро @розкришилася,@ вилляючи #yзабагато для вас #yзолота. Ви хапонули скільки но могли, й продовжили мандри.",
      "Статуя змушує вас почувати себе ~незручно.~ Ви обходите статую, від гріха подалі."
    ],
    "OPTIONS": [
      "[Благати] #gУсуньте #gкарту #gз #gколоди. #rВтрачаєте #r",
      " #rОЗ.",
      "[Роздробити] #gОтримати #g",
      " #g- #g",
      " #gЗолота.",
      "[Заблоковано] Потребує: Карту з ",
      " чи більше шкоди.",
      "[Покинути]",
      "[Продовжити]",
      "Оберіть та усуньте карту."
    ]
  },
  "Knowing Skull": {
    "NAME": "Всезнаючий череп",
    "DESCRIPTIONS": [
      "Ви опиняєтесь у старій, прикрашеній камері. У центрі кімнати, сидить великий череп на витонченому постаменті. Наближаючись, череп #g@вибухає@ #g@у@ #g@полум'ї@ і повертається у Ваш бік.",
      "«ЩО ТОБІ ТРЕБА? ЩО ТИ ПРОПОНУЄШ МЕНІ?» NL З останніми словами, двері позаду Вас @закриваються.@",
      " NL NL «ЩЕ ЩО-НЕБУДЬ?»",
      " ",
      "«ПИЙ!» NL Ви Отримуєте одне зілля.",
      "«МОЖЛИВО ОСЬ ЦЕ ДОПОМОЖЕ?» NL Ви Отримуєте карту.",
      "«ВИ СМЕРТНІ НІКОЛИ НЕ ЗМІНЮЄТЕСЯ. ЛАДНО.» NL #yЗолото дощить над Вами!",
      "«ПОЗАДУ, СМЕРТНИЙ.» NL Ви заглядає позад черепа. Звичайно ж, є двері."
    ],
    "OPTIONS": [
      "[Продовжити]",
      " #rОЗ.",
      "[Довідка?] #gВиявляє #gКнязя. #rВтрачаєте #r",
      "[Успіх?] #gОтримуєте #gбезбарвну #gкарту. #rВтрачаєте #r",
      "[Збудження?] #gОтримуєте #gзілля. #rВтрачаєте #r",
      "[Добробут?] #gОтримуєте #g",
      " #yЗолота. #rВтрачаєте #r",
      "[Як се покинути?] #rВтрачаєте #r",
      "[Покинути]"
    ]
  },
  "Lab": {
    "NAME": "Лабораторія",
    "DESCRIPTIONS": [
      "Ви опиняєтесь у кімнаті, наповненій - пробірками, склянками, колбами, щипцями, кліщами, окулярами, циліндрами, конденсаторами і навіть рідкісними спіральними скляними трубками. NL NL Звідки Ви знаєте назву усіх цих інструментів? Неважливо, Ви рішаєте оглянути приміщення."
    ],
    "OPTIONS": [
      "[Оглянути] #gЗнайти #gдещицю #gЗілля!"
    ]
  },
  "Liars Game": {
    "NAME": "Гадюка",
    "DESCRIPTIONS": [
      "Заходячи у кімнату, Ви бачите велику яму у підлозі. Наближаючись до отвору, зсередини вилазить величезна гадюка. NL NL ~«Хо~ ~хооо!~ ~Приві…~ ~привіт!~ ~що~ ~в~ ~насссс~ ~тут~ ~таке?~ Вітаю обходисвіт, Я запитую простеньке питання. NL Повноцінне життя - цццссе те, в якому усе можна #y~придбати!~ NL Чи згоден ти з цццссим?»",
      "~«Оооххххх~ ~єєєєєєєє!~ NL ~Ццссее~ ~буде~ ~варте~ ~тогооо.~ NL ~…ссССсссс…~ ~сс…~ ~ссссс…!»~",
      "Гадюка дивиться Вас надзвичайно розчарована",
      "Гадюка підіймаючи свою голову, ніби водограй заплескує #yзолото угору! NL Це видовище гарне й страшне водночас. NL Збираючи #yзолото, Ви подякували гадюці, й продовжили дорогу."
    ],
    "OPTIONS": [
      "[Погодитися] #gОтримати #g",
      " #gЗолота. #rОтримати #rПрокляття #r- #rВагання.",
      "[Суперечити]",
      "[Продовжити]",
      "[Покинути]"
    ]
  },
  "Living Wall": {
    "NAME": "Жива стіна",
    "DESCRIPTIONS": [
      "Мандруючи, Ви заходите до тупика. Обертаючись, стіни @захлопуються@ , наче заманюючи Вас у пастку! NL NL Три обличчя утворюються на стіні й кажуть. NL #b«Забудь #bусе #bщо #bзнаєш, #bі #bя #bдам #bтобі #bпройти.» NL #p«Я #pвимагаю #pзмін, #pщоб #pпобачити #pпростір.» NL #y«Як #yбажаєш #yпройти, #yто #yмаєш #yзрости.»",
      "Задоволені, стіни перед вами зливаються назад у стелю, відкриваючи шлях перед Вами."
    ],
    "OPTIONS": [
      "[Забути] #gУсунути #gкарту #gу #gколоді.",
      "[Змінитися] #gПеретворити #gкарту #gу #gколоді.",
      "[Рости] #gПоліпшити #gкарту #gу #gколоді.",
      "Оберіть та усуньте карту.",
      "Оберіть та перетворіть карту.",
      "Оберіть та поліпшіть карту.",
      "[Покинути]",
      "[Заблоковано] Усі карти вже поліпшені"
    ]
  },
  "Masked Bandits": {
    "NAME": "Замасковані розбійники",
    "DESCRIPTIONS": [
      "Хехехе… Вельми вдячний за #yзолото! NL Люблю я #yзолото. Гарненьке таке. NL #y~блискуче~ #y~блискуче!~",
      "Агов #bВедмідь, гей! NL Цей хлопак дав нам усе своє #yзолото! Який сисунець, та? NL Вдумайся, я просто ввічливо запитав. Хто б подумав?! NL Я, звичайно ж ні! Який се бовдур!",
      "Бандо, най всі посміємося над цією дивовижною подією! NL @Хахахаа@ NL @Хо@ @ХОХ@ ~хохо!~ NL ~Хох!~",
      "Ох? Ти ще тут? NL Щось підслухав? Не думаю. NL #r@*пирхаючи*@ ~…невдаха…~ @Хахаха@ ~хааах~",
      "Ви зустрічаєте групу бандитів у #rчервоних #rмасках. NL «Добридень, плати щоб пройти… розумна ціна - @УСЬОГО@ твого #yзолота! Хех хех!»"
    ],
    "OPTIONS": [
      "[Заплатити] #rВтрачаєте #rУСЕ #yЗолото.",
      "[Битися!]",
      "[Продовжити]",
      "[Покинути]"
    ]
  },
  "Match and Keep!": {
    "NAME": "Одружи й забери!",
    "DESCRIPTIONS": [
      "« #bДванадцять карт! Одружи їх щоб лишити собі! #bП'ять спроб, й все. NL Готовий? Розпочнемо!»",
      "Закінчивши гру гремліна, Ви піднімаєте голову. NL Де він?",
      "Гремлін безумно помішує карти на столі. Це створіння, здається, нешкідливим. Ви підходите з цікавості."
    ],
    "OPTIONS": [
      "[Продовжити]",
      "[Покинути]",
      "[Грати]",
      "Залишилось спроб: #y"
    ]
  },
  "Mushrooms": {
    "NAME": "Гриби",
    "DESCRIPTIONS": [
      "Ви здаєтесь неприродному бажанню по’їсти. Споживаючи гриб за грибом, Ви почуваєтесь казково, й непритомнієте. Прокидаючись, Ви почуваєте себе дивно. NL #gЗцілюєтесь на #b25% вашого ОЗ, але також #rзаражаєтеся.",
      "#r@Засідка!!@ NL Заражені гриби, з'явилися нізвідки!",
      "Ви входите в коридор заповнений #b~гіпнотизуючими~ #b~барвистими~ #b~грибами.~ NL Через відсутність спеціалізації у мікології, Ви не можете визначити тип грибів. NL Ви хочете втекти, але щось змушує Вас #b~їх~ #b~з’їсти…~"
    ],
    "OPTIONS": [
      "[Придавити] #rРозізлити #rГриби.",
      "[З’їсти] #gЗцілюєтесь на #g",
      " #gОЗ. #rОтримати #rПрокляття #r- #rДармоїд.",
      "[Битися]",
      "[Покинути]"
    ]
  },
  "Mysterious Sphere": {
    "NAME": "Таємнича цятка",
    "DESCRIPTIONS": [
      "Випираючись з хаотичної місцина, кістлява сфера оточує загадкову сяйливу цяту. NL Хоча Вам й цікаво, що то за цята, Ви помічаєте, що деякі стійчики пильно стежать за нею.",
      "Як тільки Ви вдаряєте цяту, стійчики оживають навколо вас!",
      "Не треба бути жадібним."
    ],
    "OPTIONS": [
      "[Відкрити цяту] #rБитися. #gНагорода: #gРідкісний #gАмулет.",
      "[Покинути]",
      "[Битися]"
    ]
  },
  "N'loth": {
    "NAME": "Нлот",
    "DESCRIPTIONS": [
      "Надзвичайна істота зі згорбленою спиною, що проростає щупальцями, риється у купі сміття перед вами. Наближаючись, він повертається до вас, та не загрожуючи каже NL «Нлот голодний. Годуй Нлот.»",
      "Простягаючи #yамулет до нього, Нлот вихоплює його з Ваших рук, своїми щупальцями, й поглинає Ваш дарунок одним швидким ковтком. NL Усміхаючись, з-під плаща з'являються решта щупалець, які утримують неможливо акуратний пакунок. Він штовхає його до вас, допоки ви візьмете його.",
      "Ви трясте головою. Нлот, згорбившись, ще більше зітхає, й поспішно продовжує ритися."
    ],
    "OPTIONS": [
      "[Запропонувати: ",
      "] #rВтрачаєте #rцей #rамулет. #gОтримуєте #gновий #gособливий #gамулет.",
      "[Покинути]"
    ]
  },
  "Proceed Screen": {
    "DESCRIPTIONS": [
      "[Покинути]"
    ]
  },
  "Purifier": {
    "NAME": "Очисник",
    "DESCRIPTIONS": [
      "Перед Вами, розташована всебічна святиня забутому Богу.",
      "Стоячи на коліні, проявляючи повагу, Ви відчуваєте ніби щось зняли з плечей.",
      "Ви обминаєте святиню."
    ],
    "OPTIONS": [
      "[Благати] #gУсуньте #gкарту #gз #gколоди.",
      "[Покинути]",
      "Оберіть та усуньте карту."
    ]
  },
  "Scrap Ooze": {
    "NAME": "Зламослиз",
    "DESCRIPTIONS": [
      "Заходячи у кімнату, Ви чуєте ~бульки~ та @молотіння@ металу. Перед вами, слиз який з’їв занадто брухту для власного блага. Всередині потвори, Ви бачите блискавки дивного світла, можливо щось магічне? Схоже, є шанс знайти трошечки #yскарбів, просто потягнувшись в нього… Однак, з кислотою та гострими предметами, буде #rболяче.",
      "#r@Йой!@ NL Все, що ви знайшли - іржавий метал та трохи #r@болю.@ NL Однак ви все ще переконані, що там є #yамулет…",
      "#gУспіх! NL Розкопуючи іржавий метал та кислоту, ви, нарешті, знаходите #yамулет. NL Ви випливаєте зі слизу #rушкодженим но обдарованим.",
      "Ви вирішили покинути місцевість. NL Слиз не приділяє вам уваги, задоволений їжею."
    ],
    "OPTIONS": [
      "[Протягнутися усередину] #rВтрачаєте #r",
      " #rОЗ. #g",
      "%: #gЗнайти #gамулет.",
      "[Покинути]",
      "[Глибше] #rВтрачаєте #r"
    ]
  },
  "SecretPortal": {
    "NAME": "Потаєний портал",
    "DESCRIPTIONS": [
      "Перед вами якась май брила, здавайсь недоречна і чужа для цього краю. Дивно вбудований збоку, кам’яний прохід, з #p~барвистим~ #p~чарівним~ #p~порталом.~ NL NL Ви не знаєте куди він веде, та, можливо, він може прискорити подорож крізь Вежу.",
      "Ввійшовши у портал, Ваше сприйняття часу і простору повністю втрачено. NL NL Приходячи в себе, Ви розумієте, що перед вами жасний бій.",
      "Помалу, з оглядом - єдина дорога до підкорення цієї Вежі. Обминаючи портал, ви продовжуєте керунок."
    ],
    "OPTIONS": [
      "[Ввійти у портал] НЕГАЙНО переміщаєтеся до князя.",
      "[Покинути]"
    ]
  },
  "SensoryStone": {
    "NAME": "Сенсорний камінець",
    "DESCRIPTIONS": [
      "Мандруючи Вирієм, Ви помічаєте #bпалаючий #bтессеракт який @кружляє@ та повільно ~переміщається~ у повітрі.",
      "Ви торкаєтеся його. NL NL #r@Нестерпний@ #r@біль@ охоплює Вас, а слідом яскраві спалахи давнезних спогадів. NL …чиї ж це спогади?",
      "#r~ЗЛЯК.~ NL NL Демонічна істота уроджується перед Вами, крила широко розкриті. Мертві тіла плем’я, раптово оточують Вас, #p~темне~ #p~полум’я~ поглинаючи їх село. NL NL Демон кличе, роздразнюючи Вас. NL NL « #r@ТИ@ #r@СПРАВДІ@ #r@ТЕПЕР@ #r@НАЙМІЦНІШИЙ!@ #r@Хаха…@ #r@ХЕХЕ…@ #r@ХАХАХААААХ!!@ » NL NL Цей сміх відлунюється безкінечно… ",
      "#g~ПРОСВІТ.~ NL NL Останки, тієї #p~примарної~ #p~потвори,~ повільно занурюються у багно перед Вами, яке вже ледве видно у місячному сяйві. Ви проявили себе серед сестер. NL NL Стоячи у тиші, нездоланною, сестри урочисто одягають #yчереп #yзвіра Вам на голову. Обряд скінчився. NL NL Ви прямуєте до Вежі…",
      "#b~БЕЗЛАДДЯ.~ NL NL #y[МЕТА] #gПРИМУСОВО #gповернути #gРІВНОВАГУ NL #y[ОЗНАЧТЕ] #gРІВНОВАГУ NL #y[ПОМИЛКА] #g«РІВНОВАГУ» #gНЕ #gЗНАЙДЕНО NL #y[ОЗНАЧТЕ] #gРІВНОВАГУ NL #y[ПОМИЛКА] #g«РІВНОВАГУ» #gНЕ #gЗНАЙДЕНО NL #y[ПОПЕРЕДЖЕННЯ] #rНаближається #rвеликий #rпредмет NL NL ~«Мене...~ ~..звати~ ~....Няу..»~"
    ],
    "OPTIONS": [
      "[Згадати] #gДодати #g1 #gБезбарвну #gкарту #gу #gколоду.",
      "[Згадати] #gДодати #g2 #gБезбарвні #gкарти #gу #gколоду. #rВтрачаєте #r",
      "[Згадати] #gДодати #g3 #gБезбарвні #gкарти #gу #gколоду. #rВтрачаєте #r",
      " #rОЗ.",
      "[Покинути]",
      "[Взаємодіяти]"
    ]
  },
  "Shining Light": {
    "NAME": "Сяюче світло",
    "DESCRIPTIONS": [
      "Ви знаходите мерехтливу #yмасу #yсвітла, що охоплює центр кімнати. NL NL Його ~тепле~ ~сяйво,~ та ~чарівні~ ~візерунки~ зазивають Вас ближче.",
      "Проходячи крізь світло, ви помічаєте, що світло поглинулося у вас. NL Воно #r@вбивчо@ #r@гаряче@ ! Однак біль швидко убуває. NL Ви почуваєтесь #bпідбадьореним, так ніби отримали належний ляпас.",
      "Оминаючи, Ви гадаєте що то було."
    ],
    "OPTIONS": [
      "[Зайти] #gПоліпшити #g2 #gвипадкові #gкарти. #rВтрачаєте #r",
      " #rОЗ.",
      "[Покинути]",
      "[Заблоковано] Усі карти вже поліпшені"
    ]
  },
  "Spire Heart": {
    "NAME": "Серце Вежі",
    "DESCRIPTIONS": [
      "@ту-дум@ … @ту-дум@ … @ту-дум@ … NL Глибокий пульсуючий страх відчувається у всій кімнаті… NL #r~Серце~ Вежі? Джерело усього зла?",
      "Ви наносите #b",
      " шкоди! NL Серце #r@корчитися@ та #r~кровоточить~ …але все ще б’ється. NL Невже Ваших найпотужніших атак недостатньо?",
      "Ви питаєте, ~«Чи~ ~був~ ~я~ ~тут~ ~раніше?»~ NL Відчуваючи, що ви справили в цілому #b",
      " шкоди серцю.",
      " NL В цілому #b",
      " шкоди було нанесено усіма гравцями.",
      " NL Серце б’є гучніше з кожним вдаром. Ви #y~втрачаєте~ #y~свідомість…~",
      "NL Ви готуєте своє лезо…",
      "NL Ви готуєте свої кинджали…",
      "NL Ви готуєтеся подумки…"
    ],
    "OPTIONS": [
      "[Продовжити]",
      "[Атакувати] #b???",
      "[Спати]"
    ]
  },
  "The Cleric": {
    "NAME": "Церковник",
    "DESCRIPTIONS": [
      "Дивна, синя, людиноподібна істота, з золотим шоломом(?) підходить до Вас з величезною посмішкою. NL @«Привіт@ @друже!@ Я #bЦерковник! Чи зацікавлені Ви у моїх послугах?!» криконула істота. Голосно.",
      "Тепле золоте сяйво огортає ваше тіло, й розсіюється. NL Істота шкірить зуби. «Церковник найкращий цілитель. @Гарного@ @дня@!»@",
      "Холодне синє полум'я огортає ваше тіло, й розсіюється. NL Істота шкірить зуби. «Церковник - обдарований. @Гарного@ @дня@!»@",
      "Ви не довіряєте цьому #b«Церковнику», продовжуючи подорож."
    ],
    "OPTIONS": [
      "[Зцілення] #y35 #yЗолота: #gЗцілюєтесь на #g",
      "[Заблоковано] Потребує: ",
      " Золота.",
      "[Очищення] #y",
      " #yЗолота: #gУсуньте #gкарту #gз #gколоди.",
      "[Заблоковано] Потребує: 50 Золота.",
      "[Покинути]",
      "Оберіть та усуньте карту.",
      " #gОЗ."
    ]
  },
  "The Joust": {
    "NAME": "Поєдинок",
    "DESCRIPTIONS": [
      "Проходячи повз високих будівель, Ви натрапляєте на довгий вузький міст з двома лицарями по кожен бік. Підходячи… NL @«Стій!»@ NL NL Лицар жестом зупиняє Вас.",
      "«Сьогодні, я розрахуюсь з #rвбивцею мого улюбленого домашнього мазуна, #yСніжок. Поки не розрахуюсь, ти не пройдеш. NL NL Шановний спостерігач, чому б не поставити #bставку на того хто думаєш, виграє?»",
      "«Не можу повірити, що ти поставив проти #yСніжка!» NL NL Злий, одягаючи шолом він кидається у бік супротивника.",
      "«Дай силу мені, #yСніжок!» NL NL Одягаючи шолом він кидається у бік супротивника.",
      "NL #y@*ГРУХ!!!*@ #r@*КЛААНҐ!*@ NL NL #g@*БУМ!*@",
      "Противник був убитий. NL NL ",
      "Власник був убитий. NL NL ",
      "Ви #gвиграєте ставку. Не певні, що сталося, Ви забираєте свій виграш та йдете далі.",
      "Ви #rпрограєте ставку, принаймні Вас не шпирнули у груди."
    ],
    "OPTIONS": [
      "[Продовжити]",
      "[Вбивця] #yПоставити #y",
      " #yЗолота - #g70%: на #gвиграш #g",
      " #gЗолота.",
      "[Власник] #yПоставити #y",
      " #yЗолота - #g30%: на #gвиграш #g",
      "[Глипати]",
      "[Покинути]"
    ]
  },
  "The Library": {
    "NAME": "Бібліотека",
    "DESCRIPTIONS": [
      "Ви знайшли вишукану будівлю, яка, на перший погляд здається занедбаною. NL На підлозі лежить дощечка, яка колись висіла на стіні. #b«#БІБЛІОТЕКА». NL Усередині, незліченна кількість звитків, рукописів та книг. NL Ви обираєте одну книгу сідаєте в крісло для відпочинку.",
      "Читання — для бовдурів. NL Натомість, Ви рішаєте подрімати в зручному кріслі. NL ~ Хр-р-р…~ ~ хр-р…~ ~…хр-р-р…~ NL Ви прокидаєтеся з новими силами.",
      "Історія стосується дівчини-підлітка, що контролює комах, прагнучи стати героєм. Книга наповнена творчими поривами, стратегіями боротьби та різними перспективами. NL Цікаво.",
      "Історія про людину, яка подорожувала за зірки, та загубилась на спустошеній планеті. Витонченість, удача, наполегливість і гумор зберегли здоровий глузд та допомогли повернуться додому. NL Чарівно.",
      "Історія відбувається в гігантській ізольованій будівлі під землею, оскільки зовнішні умови стали нестерпними. Роман спаплюжений змовами, пропагандою та несправедливістю. Ви розмірковуєте - можливо щось з цього схоже на цю Вежу. NL Зворушливо."
    ],
    "OPTIONS": [
      "[Читати] #gОбираєте #g1 #gз #g20 #gкарт #gщоб #gдодати #gдо #gВашої #gколоди.",
      "[Дрімати] #gЗцілюєтесь на #g",
      " #gОЗ.",
      "[Покинути]",
      "Додати карту до Вашої колоди."
    ]
  },
  "The Mausoleum": {
    "NAME": "Мавзолей",
    "DESCRIPTIONS": [
      "Мандруючи поміж могил, Ви знаходите великий саркофаг ~оздоблений~ ~самоцвітами~, у центрі круглої кімнати. NL Ви не можете розібрати напис, однак, помічаєте #p~чорний~ #p~туман~ який витікає з труни.",
      "Відкриваючи труну, #p~чорний~ #p~туман~ неочікувано охоплює усю кімнату! Всередині немає тіла, тільки #y~амулет.~ Ви берете його і йдете далі, #r@сильно@ #r@кахикаючи.@",
      "Відкриваючи труну, туман безпечно розсіюється. Всередині ви знаходите залишки прикрашеного солдата, який тримає старий #yамулет. Підцапуючи амулет, Ви йдете далі.",
      "Ви продовжуєте свій шлях, від гріха подалі."
    ],
    "OPTIONS": [
      "[Відкрити труну] #gОтримати #gАмулет. #r",
      "%: #rОтримати #rПрокляття #r- #rКорчизна.",
      "[Покинути]"
    ]
  },
  "The Moai Head": {
    "NAME": "Голова Моая",
    "DESCRIPTIONS": [
      "Ви натрапляєте на щось, *дуже* недоречне до цієї місцевості. Перед Вами здоровецька кам'яниста голова, біля стрімкого схилу, яка не змінюється й не зміщується на відміну від решти краю. NL Рот голови широко розкритий, з великими залякуючими зубами, які заплямовані гранатовою кров'ю. Поверхня статуї заповнена ілюстраціями, які зображують людей що кидають себе у рот цієї голови, яка потім їх пожирає. Які у них цікаво були наміри? Що бажали цим досягти?",
      "Спочатку, заходячи у рот до статуї, нічого не відбувається. Відчуваючи себе трохи недотепно, Ви повертаєтесь. Як зненацька, величезні моляри, як впадуть, здавлюючи Вас. NL @Темрява.@ NL Через деякий час, зо середини пітьми, з’являється сяйво під згучання кам'янистих зубів. NL NL NL Ви втікаєте розгубленим. Що то було?",
      "Налякано, Ви відстрибуєте назад, як гігантські моляри гамкають  ідола, розчухруючи його вщент. Зуби піднімаючись, заливають вас #yзолотом, багатством.",
      "Оминаючи, Ви гадаєте що то було."
    ],
    "OPTIONS": [
      "[Залізти у середину] #gПовністю #gзцілюєтесь. #rВтрачаєте #r",
      " #rMax #rОЗ.",
      "[Запропонувати: Золотого ідола] #gОтримати #g333 #gЗолота. #rВтрачаєте #gЗолотого #rідола.",
      "[Заблоковано] Потребує: Золотого ідола.",
      "[Покинути]"
    ]
  },
  "The Woman in Blue": {
    "NAME": "Жіночка в блакитному",
    "DESCRIPTIONS": [
      "Зненацька, рука з темряви затягує Вас у невеличку крамницю. Пристосовуючися до світла, Ви бачите бліду жіночку у блакитному одязі яка вказує на полицю з зіллям. NL «Купи зілля. Негайно!» мовила вона.",
      "«Лацно. А тепер цур відси.» NL Ви обережно покидаєте крамницю.",
      "#r@БУХ@ NL Її кулак цілує Ваше обличчя, сливе збиваючи Вас з ніг. NL «Цур відси поки не засмітила підлогу твоїми кишками.» Ви вірите їй та драпаєте відти з вашими кишками все ще у тілі."
    ],
    "OPTIONS": [
      "[Придбати 1 зілля] #y",
      "[Придбати 2 зілля] #y",
      "[Придбати 3 зілля] #y",
      " #yЗолота.",
      "[Покинути]",
      "[Покинути] #rЗазнати #r",
      " #rшкоди."
    ]
  },
  "Thinking with Puddles": {
    "NAME": "Мислення у безладді",
    "DESCRIPTIONS": [
      "Шкопиртаючи в барліг, Ви, випадаєте з стелі прямо над барлігом, й назад у нього! NL В умовах вільного падіння ви розглядаєте усі можливі варіанти порятунку.",
      "З панікою, розмахуючи своїми руками та використовуючи усі свої приховані трюки… Ви знову падаєте в калюжу … знову … й знову. Пройшли дні, перш ніж Ви зрозуміли як вичапати звідти. Дурний як ціп.",
      "Ви готуєтеся до контакту з землею, але просто не існує доброго методу приземлення, з такої химерної вигадки. @БУМ@ NL NL …лежачи, Ви проклинаєте існування калюж, як рідких, так й магічних."
    ],
    "OPTIONS": [
      "[Gooped] #rВтрачаєте #ra #rrandom #rRare #rcard.",
      "[Land Face First] #rОтримати #r",
      " #rшкоди. #rОтримати #rПрокляття #r- #rВдар.",
      "[Покинути]"
    ]
  },
  "Tomb of Lord Red Mask": {
    "NAME": "Могила Червоної Маски",
    "DESCRIPTIONS": [
      "По той бік несталого шляху, видно високо прикрашену могилу. Доходячи ближче, Ви помічаєте отвір для #yзолотих монет з видряпаним написом над ним.",
      "Одягаючи маску, гробниця починає ~лупитися~ - потаємний прохід! NL NL Прохід облицьований незліченними краденими речами і #yзолотом!",
      "У гробі з'являється відкриття, з якого з’являється невелика червона маска з прикріпленою запискою. «Візьми у інших, як я взяв у тебе!»"
    ],
    "OPTIONS": [
      "[Одягнути Червону Маску] #gОтримати #g222 #gЗолота.",
      "[Заблоковано] Потребує: Червону Маску.",
      "[Запропонувати: ",
      " Золота] #rВтрачаєте #rусе #rЗолота. #gОтриматуєте #gАмулет.",
      "[Покинути]"
    ]
  },
  "Transmorgrifier": {
    "NAME": "Видозмінювання",
    "DESCRIPTIONS": [
      "Перед Вами, розташована всебічна святиня забутому Богу.",
      "Енергія святині ллється в усіх кінцівках Вашого тіла, Ваш розсуд ~змінюється.~",
      "Ви обминаєте святиню."
    ],
    "OPTIONS": [
      "[Благати] #gПеретворити #gкарту.",
      "[Покинути]",
      "Оберіть та перетворіть карту."
    ]
  },
  "Upgrade Shrine": {
    "NAME": "Святилище зрушення",
    "DESCRIPTIONS": [
      "Перед Вами, розташована всебічна святиня забутому Богу.",
      "Енергія святині ллється в усіх кінцівках Вашого тіла, роблячи Вас сильнішими.",
      "Ви обминаєте святиню."
    ],
    "OPTIONS": [
      "[Благати] #gПоліпшити #gкарту.",
      "[Покинути]",
      "Оберіть та поліпшіть карту.",
      "[Заблоковано] Усі карти вже поліпшені"
    ]
  },
  "Vampires": {
    "NAME": "Вампіри(?)",
    "DESCRIPTIONS": [
      "Мандруючи неосвітленою вулицею, ви зустрічаєте декілька осіб з капюшонами посеред якогось темного обряду. Наближаючись, вони повертаються до Вас одночасно. Найвищий серед них, з білими іклами протягає довгу, блідну руку у Ваш бік. NL ~«Приєднайся~ ~до~ ~нас~ ~брате,~ ~й~ ~відчуєш~ ~тепло~ ~Вежі.»~",
      "Мандруючи неосвітленою вулицею, ви зустрічаєте декілька осіб з капюшонами посеред якогось темного обряду. Наближаючись, вони повертаються до Вас одночасно. Найвищий серед них, з білими іклами протягає довгу, блідну руку у Ваш бік. NL ~«Приєднайся~ ~до~ ~нас~ ~сестро,~ ~й~ ~відчуєш~ ~тепло~ ~Вежі.»~",
      "Висока особа хпатає Вашу руку, притягує Вас ближче, і занурює свої ікла Вам у шию. Ви відчуваєте @темну@ @силу@ у шиї та тілі. NL … NL Ви прокидаєтесь через певний час, сам-один, відчуваючи нестерпний ~голод~ у шлунку. #rМаю #rпоїсти…",
      "Відступаючи, Ви готуєте свою зброю. Висока особа зітхає - «Зрозуміло…». Вся група осіб з капюшонами перетворюється у густий чорний дим, випаровуючись. NL Ви знов наодинці.",
      "Вийнявши #yФлакон #yкрові, бліді особи, роззявши верші показують - NL - ~«Кров~ ~митця…~кров~ ~митця!~ @КРОВ@ @МИТЦЯ!»@ NL Палко співаючи, високий вклоняється Вам. «Пий ~Його~ кров, й поєднайся з #y~Ним.»~ NL Під гучний спів, Ви ковтаєте вміст флакону. Ваш зір миттєво ~зникає~. NL NL Ви прокидаєтесь через певний час, сам-один, відчуваючи нестерпний ~голод~ у шлунку. #rМаю #rпоїсти…",
      "Мандруючи неосвітленою вулицею, ви зустрічаєте декілька осіб з капюшонами посеред якогось темного обряду. Наближаючись, вони повертаються до Вас одночасно. Найвищий серед них, з білими іклами протягає довгу, блідну руку у Ваш бік. NL ~«Приєднайся~ ~до~ ~нас~ ~розорений,~ ~й~ ~відчуєш~ ~тепло~ ~Вежі.»~"
    ],
    "OPTIONS": [
      "[Прийняти] #gУсунути #gусі Удари. #gОтримуєте #g5 Укусів. #rВтрачаєте #r",
      "% #rMax #rОЗ.",
      "[Відмовити]",
      "[Втрачаєте ",
      "] #gУсунути #gусі Удари. #gОтримуєте #g5 Укусів.",
      "[Покинути]"
    ]
  },
  "Wheel of Change": {
    "NAME": "Колесо Змін",
    "DESCRIPTIONS": [
      "Йшовши вулицею, Ви набрели на ошатно вдягненого, веселого гремліна. NL «Час крутонути колесо! ~Г~ ~О~ ~Т~ ~О~ ~В~ ~І~ ~?~ Безсумнівно!»",
      "«Ви виграєте трохи #yЗОЛОТА! NL КРУТО!!!!»",
      "«Ах, #gподарунок! NL Enjoy!»",
      "«Охх, дарове #gзцілення!»",
      "«Здається, Ви виграли #pпрокляття! NL Кепсько якось. NL Бува! Пощастить наступного разу!»",
      "«Охх, путеря #r~недобра…~ NL Усуньте карту з колоди!»",
      "«Ох…оо! NL Ви програли!» NL Ви помічаєте як він готує захалявник…",
      "Ви поспіваєте нанести один поріз, но цей навіжений гремлін занадто швидкий! NL Він встигає різанути Вас кілька разів грубим захалявником. NL «Ціна сплачена!!» NL і з цим, гремлін та його колесо зникають десь в раптово утвореному диму."
    ],
    "OPTIONS": [
      "[Грати]",
      "[Виграш!] КРУТО!!!!",
      "[Виграш!] #gОтримати #gАмулет.",
      "[Виграш!] #gПовністю #gзцілитися.",
      "[Виграш?] #rПрокляття #r- #rЗанепад.",
      "[Виграш!] #gУсуньте #gкарту #gз #gколоди.",
      "[Виграш?] #rВтрачаєте #r",
      " #rОЗ.",
      "[Покинути]",
      "Оберіть та усуньте карту."
    ]
  },
  "Winding Halls": {
    "NAME": "Ввиваючі зали",
    "DESCRIPTIONS": [
      "Повільно пробираючись крутими коридорами, Ви постійно втрачаєте орієнтацію. Стіни й земля, здається, незбагненно зміщуються навколо Вас. Постійне лепетіння у голові зовсім не допомагає.",
      "Проходячи повз споруди, яку Ви певно вже бачили, питаєте себе. «Чи то я схожу з розуму, чи то вже нереальна географія цього місця - починає діставатися мене». Слід щось змінити, й швидко, підказують голоси. Чому б вони брехали?",
      "Щось у тріщині. «Тільки насправді божевільний, зрозуміє це місце», тому Ви вдаєтеся голосам і продовжуєте з «новою» точкою зору. Усе тепер прозоріше.",
      "Зупиняючись на хвильку, Ви помічаєте хвилястий ландшафт навколо вас, ніби візерунок з-поміж хаосу. Щоразу, ті безглузді голоси намагаються перервати Ваші думки, ви боретеся, через психічний біль, намагаючись ігнорувати його. NL NL Врешті-решт, ви успішно знаходите вихід, стійкіші до цієї нечисті."
    ],
    "OPTIONS": [
      "…",
      "[Вдатися безумству] #gОтримати #g2 Божевілля. #rВтрачаєте #r",
      " #rОЗ.",
      "[Зосередитися] #rОтримати #rПрокляття #r- #rКорчизна. #gЗцілюєтесь на #g",
      "[Покинути]",
      " #gОЗ."
    ]
  },
  "World of Goop": {
    "NAME": "Всесвіт густого слизу",
    "DESCRIPTIONS": [
      "Блукаючи вежею, Ви оступилися у барліг. NL @ВОНА@ @ЗІ@ #g@ГУСТОГО@ #g@СЛИЗУ!!@ NL Вихором, Ви намагаєтесь випливти зі слизу, вже кілька хвилин, як ця слизь починає пекти. NL Ви відчуваєте його усюди. Слиз. У вухах, носі, куди не кинь оком, в якому теж пече слиз. NL NL Випливаючи, Ви помічаєте, що трохи Вашого #yзолота залишилося у слизу.",
      "З нестерпним болем, понеже злиз починає плавити шкіру, вам вдається виловити #yзолото.",
      "Ви рішаєте, що те багно не варте того."
    ],
    "OPTIONS": [
      "[Зібрати Золото] #gОтримати #g",
      " #gЗолота. #rВтрачаєте #r",
      " #rОЗ.",
      "[Покинути його] #rВтрачаєте #r",
      " #rЗолота.",
      "[Покинути]"
    ]
  },
  "MindBloom": {
    "NAME": "Розквіт",
    "DESCRIPTIONS": [
      "Рухаючись через хаос Вежі, Ваші думки раптом відчуваються збіса… #p~живими…~ NL NL Уявлення #rмонстрів та #yскарбів матеріалізуються у життя. NL Відчуття швидкоплинне. Що робити?",
      "Чи може це дійсно бути так легко?",
      "Усе тепер зрозуміло. NL Відсутність спогадів, підйом, #yДревній. NL NL Так було завжди. NL Так буде завжди. NL Усе незабаром забудеться…"
    ],
    "OPTIONS": [
      "[Я — війна] #rБитися #rз #rКнязем #rпершого #rАкту. #gОтримати #gрідкісний #gамулет.",  
      "[Я — багатий] #gОтримати #g999 #gЗолота. #rПрокляття #r— #r2 #rЗакономірність.",
      "[Я — здоровий] #gЗцілюєтеся #gдо #gмаксимуму. #rПрокляття #r— #rВагання.",
      "[Я — пробуджений] #gПоліпшити #gусі #gкарти. #rВи #rбільше #rне #rзможете #rзцілюватися.",
      "[Покинути]"
    ]
  },
  "Nest": {
    "NAME": "Гніздо",
    "DESCRIPTIONS": [
      "Ви вздріли на довгу лінію #b~осіб~ з #b~капюшонами,~ котрі прямують у NL #pзанедбаний #pсобор.",
      "Приєднуючись до лінії, Вас швидко оточують #rКультисти! NL Ігноруючи Вас, Вони радісно @співають@ та ~махають~ своєю зброєю. NL NL #r@\"ВБИТИ!!@ #r@ВБИТИ@ #r@ВБИТИ!!\"@ NL #b~\"КААР~ #b~КААР~ #b~КАААААААААР!\"~ NL #r@\"ВБИТИ!@ #r@ВБИТИ@ #r@ВБИИТИ!!\"@ NL #b~\"КАР~ #b~КААР~ #b~КАААААААААР!!\"~ NL NL Ви помічаєте #yскриньку #yпожертвування…",
      "Ви вирішили залишитися у лінії (зі страху) не знаючи що буде далі. NL NL Зрештою, Ви віч-на-віч з лідером. Охайно одягнений культист передає Вам #yприкрашений #yкортик. Повторюючи за іншими перед Вами, Ви порізаєте Ваше передпліччя, заповнюючи викривлену чашу своєю кров’ю. NL NL Культисти @оспівують@ Вас! NL NL #b~\"КААР~ #b~КАР~ #b~КАААААААААР!!\"~ NL NL Ви приєднуєтеся до них. Чому би ні?",
      "Вони навіть не помітили.",
      "",
      ""
    ],
    "OPTIONS": [
      "[Залишитися у лінії] #gОтримати Обрядовий кортик. #rВтрачаєте #r",
      " #rОЗ.",
      "[Обібрати] #gОтримати #g.",
      " #gЗолота.",
      "[Покинути]",
      "[Продовжити]"
    ]
  },
  "FaceTrader": {
    "NAME": "Торговець обличчями",
    "DESCRIPTIONS": [
      "Проходячи повз моторошної статуї яка тримає кілька масок... NL Щось за вами тихо шепоче, NL ~«Cпинись.»~",
      "Ви повертається, віч-на-віч зі статуєю, яка дивиться на Вас! NL При ближчому розгляді, це не статуя, а висхлий чоловік. Чи живий він? NL NL ~«Обличчя.~ ~Дай~ ~торкнутися?~ ~Може~ ~обмін?»~",
      "~«Компенсація?~ ~Компенсація.»~ NL Механічно, він дістає кульок #yзолота та протягує у Ваш бік. NL NL ~«Яке~ ~гарнюнє~ ~обличчя.~ ~Маленьке~ ~лице.»~ NL Торкаючися Вашого обличчя, Ви починаєте втрачати енергію! NL Під час цього, його маска відпадає і розколюється. Верескляючи, він швидко ховає своє обличчя усіма шести руками, упускаючи більше масок! Серед усього цього, Ви намагаєтесь втікти. NL NL Його обличчя було зовсім порожнім.",
      "~«Для~ ~мене?~ @ДЛЯ@ @МЕНЕ?@ ~О~ ~так..~ ~Так.~ ~Так..~ ~хммм...»~ NL NL Ви помічаєте як одина з його рук замерехтіла… і гоп, Ваше обличчя у нього в руках! Ваше лице обміняли. NL NL ~«Файне~ ~обличчя.~ ~Файне~ ~обличчя.»~",
      "~«Зупинись.~ ~Зупинись.~ ~Зупинись.~ ~зупинись.»~ NL NL Надіюсь, це було правильнe рішення."
    ],
    "OPTIONS": [
      "[Торкнутися] #rВтрачаєте #r10%",
      " #gЗолота",
      "[Торгуватись] #g50%: #gДобре #gЛице. #r50%: #rПогане #rЛице..",
      "[Покинути]",
    "[Продовжити]",
    " #rОЗ, #gотримуєте #g"
    ]
  }
}