{
  "AcidSlime_L": {
    "MOVES": [
      "Роз’їдаючий плювок",
      "Роздвоєння",
      "Полизування"
    ],
    "NAME": "Кислотний слимак (Вел.)",
    "DIALOG": [
      ""
    ]
  },
  "AcidSlime_M": {
    "MOVES": [
      "Роз’їдаючий плювок",
      "Полизування"
    ],
    "NAME": "Кислотний слимак (M)",
    "DIALOG": [
      ""
    ]
  },
  "AcidSlime_S": {
    "MOVES": [],
    "NAME": "Кислотний слимак (S)",
    "DIALOG": [
      ""
    ]
  },
  "Apology Slime": {
    "MOVES": [],
    "NAME": "Вибачливий Слимак",
    "DIALOG": [
      ""
    ]
  },
  "AwakenedOne": {
    "MOVES": [
      "Удар по душі",
      "Темне ехо",
      "Очищення",
      "Осадок"
    ],
    "NAME": "Пробуджена",
    "DIALOG": [
      "~Ґррррр~ ~.~ ~.~ ~.~",
      "~Ні~ ~.~ ~.~ ~.~ ~ні~ ~.~ ~.~ NL ~.~ ~.~ ~ні~ ~.~ ~.~ ~.~"
    ]
  },
  "BanditBear": {
    "MOVES": [
      ""
    ],
    "NAME": "Ведмідь",
    "DIALOG": [
      ""
    ]
  },
  "BanditChild": {
    "MOVES": [
      ""
    ],
    "NAME": "Гостренький",
    "DIALOG": [
      "~Ведмііііідь!!!!~"
    ]
  },
  "BanditLeader": {
    "MOVES": [
      ""
    ],
    "NAME": "Ромео",
    "DIALOG": [
      "~Хапай~ ~їх~ ~Ведмідь!!~",
      "~Ти~ ~поплатишся~ ~за~ ~це!!~",
      "~Нііііііііі,~ ~Ведмідь!~"
    ]
  },
  "BookOfStabbing": {
    "MOVES": [
      ""
    ],
    "NAME": "Книга Запоясників",
    "DIALOG": [
      ""
    ]
  },
  "BronzeAutomaton": {
    "MOVES": [
      "ГІПЕРПРОМІНЬ"
    ],
    "NAME": "Бронзовий Робіт",
    "DIALOG": [
      ""
    ]
  },
  "BronzeOrb": {
    "MOVES": [
      ""
    ],
    "NAME": "Сфера",
    "DIALOG": [
      ""
    ]
  },
  "Byrd": {
    "MOVES": [
      ""
    ],
    "NAME": "Птих",
    "DIALOG": [
      "@КАА!@ NL @КАААААР@",
      ""
    ]
  },
  "Centurion": {
    "MOVES": [
      ""
    ],
    "NAME": "Центуріон",
    "DIALOG": [
      ""
    ]
  },
  "Champ": {
    "MOVES": [
      "Оборонна позиція",
      "Страта",
      "Ляпанець"
    ],
    "NAME": "Чемпіон",
    "DIALOG": [
      "Ти звеш це зброєю?",
      "Давай!",
      "Що це за ляпанець?! NL @ХАХАХА!@",
      "Даю тобі фору, гепай! NL Марна істота!",
      "~Ох~ ~як~ ~розлютив~ ~ти~ ~мене…~",
      "@ПОРАЗКА??@ NL @НЕМИСЛИМО!!@",
      "~ГИНЬ~ ~ЛЯРВО~ ~.~ ~.~ ~.~",
      "Зобач гнів мій!"
    ]
  },
  "Chosen": {
    "MOVES": [
      ""
    ],
    "NAME": "Обрана",
    "DIALOG": [
      "~Страждай…~"
    ]
  },
  "CorruptHeart": {
    "MOVES": [
      ""
    ],
    "NAME": "Спотворене Серце",
    "DIALOG": [
      ""
    ]
  },
  "Cultist": {
    "MOVES": [
      "",
      "",
      "Заклинання"
    ],
    "NAME": "Культист",
    "DIALOG": [
      "@МОЯ@ @СИЛА@ @НЕ@ NL @НЕПЕРЕВЕРШЕНА!@",
      "@ЧОГО@ @БАЛУХИ@ @ВИЛУПИВ@ NL @СТАРА@ @КЛЯЧА!@",
      "~Мої~ ~сили~ NL ~перевершили…~"
    ]
  },
  "Darkling": {
    "MOVES": [
      "Хрум! Хрум!"
    ],
    "NAME": "Темрява",
    "DIALOG": [
      "Відродження…"
    ]
  },
  "Deca": {
    "MOVES": [
      ""
    ],
    "NAME": "Дека",
    "DIALOG": [
      ""
    ]
  },
  "Donu": {
    "MOVES": [
      "Кільце життя"
    ],
    "NAME": "Понч",
    "DIALOG": [
      ""
    ]
  },
  "Exploder": {
    "MOVES": [
      ""
    ],
    "NAME": "Підривник",
    "DIALOG": [
      ""
    ]
  },
  "FireOrb": {
    "MOVES": [
      ""
    ],
    "NAME": "Вогняне коло",
    "DIALOG": [
      ""
    ]
  },
  "Dagger": {
    "MOVES": [
      ""
    ],
    "NAME": "Колодач",
    "DIALOG": [
      ""
    ]
  },
  "FlameBruiser": {
    "MOVES": [
      ""
    ],
    "NAME": "Вогняний гостець",
    "DIALOG": [
      ""
    ]
  },
  "Reptomancer": {
    "MOVES": [
      ""
    ],
    "NAME": "Рептомант",
    "DIALOG": [
      ""
    ]
  },
  "FungiBeast": {
    "MOVES": [
      "Grow"
    ],
    "NAME": "Пліснявий звір",
    "DIALOG": [
      ""
    ]
  },
  "FuzzyLouseDefensive": {
    "MOVES": [
      "Плювок павутинню"
    ],
    "NAME": "Кука",
    "DIALOG": [
      ""
    ]
  },
  "FuzzyLouseNormal": {
    "MOVES": [
      "Зміцнення"
    ],
    "NAME": "Кука",
    "DIALOG": [
      ""
    ]
  },
  "GiantHead": {
    "MOVES": [
      ""
    ],
    "NAME": "Велетенська макітра",
    "DIALOG": [
      "~Твій~ ~час~ ~настав~",
      "~З~ ~Богом~",
      "~Тік~ ~Ток~ NL ~Тік~ ~Ток~",
      "~Пан~ ~бажає~ ~мати~ ~чудову~ ~гаму~ NL  ~кольорів~ ~на~ ~обличчі?~"
    ]
  },
  "GremlinFat": {
    "MOVES": [
      "Розбити вщент"
    ],
    "NAME": "Кабанкуватий Гремлін",
    "DIALOG": [
      "",
      "",
      "@Ох@ @ні,@ NL @ох@ @ні,@ NL @оХ@ @НІ!@"
    ]
  },
  "GremlinLeader": {
    "MOVES": [
      "Гайда сюди!"
    ],
    "NAME": "Ватажок гремлінів",
    "DIALOG": [
      "Не здаваймося!",
      "Ей, ми ще не покінчили!",
      "Покінчимо з ним, хлопці!",
      "@Відступаємо@ NL @Відступааааємо!@",
      "@Тікааааймо!@"
    ]
  },
  "GremlinNob": {
    "MOVES": [
      "Вилім макітри",
      "Биконесіння"
    ],
    "NAME": "Гремлін ґорґоля",
    "DIALOG": [
      "@РРррохррРРрххх!!@"
    ]
  },
  "GremlinThief": {
    "MOVES": [
      ""
    ],
    "NAME": "Підлий Гремлін",
    "DIALOG": [
      "",
      "@Піду@ @я@ NL @за@ @допомогою!@ ",
      "@Бісова@ @ковінька!?@"
    ]
  },
  "GremlinTsundere": {
    "MOVES": [
      "Захист",
      "Удар щитом "
    ],
    "NAME": "Гремлін Щитоносець",
    "DIALOG": [
      "",
      "~З~ ~Богом…~",
      "Погано мені…"
    ]
  },
  "GremlinWarrior": {
    "MOVES": [
      "Кігтя"
    ],
    "NAME": "Скажений Гремлін",
    "DIALOG": [
      "",
      "@Піду@ @я@ NL @за@ @допомогою!@",
      "Най ті качка копне!"
    ]
  },
  "GremlinWizard": {
    "MOVES": [
      "Заряджаюсь",
      "Міцносилий удар"
    ],
    "NAME": "Гремлін чародій",
    "DIALOG": [
      "",
      "Заряджааааюсь!",
      "~А~ ~щоб~ ~ти~ ~скис!!~",
      "@Де…@ @лярва…@ NL @моя…@ @допомога…?@",
      "~вкрай…~ NL ~боязько…мені…~ NL ~бувааай…~"
    ]
  },
  "Healer": {
    "MOVES": [
      ""
    ],
    "NAME": "Містик",
    "DIALOG": [
      ""
    ]
  },
  "Hexaghost": {
    "MOVES": [
      "Розпалювання",
      "Випалювання",
      "Пекло"
    ],
    "NAME": "Шестикутна потороча",
    "DIALOG": []
  },
  "HexaghostBody": {
    "MOVES": [],
    "NAME": "",
    "DIALOG": []
  },
  "HexaghostOrb": {
    "MOVES": [],
    "NAME": "",
    "DIALOG": []
  },
  "JawWorm": {
    "MOVES": [
      "Крик",
      "Лупцювання"
    ],
    "NAME": "Кланцатий черв’як",
    "DIALOG": [
      ""
    ]
  },
  "Lagavulin": {
    "MOVES": [
      "Висмоктати душу"
    ],
    "NAME": "Лагавулін",
    "DIALOG": [
      "",
      "… NL ……",
      "…? NL ……!?",
      "@!!!@ NL @!???@"
    ]
  },
  "Looter": {
    "MOVES": [
      "Напад",
      "Гарбаж"
    ],
    "NAME": "Дряпіжник",
    "DIALOG": [
      "Давай мені усе золото!",
      "@НІІІіііі!@",
      "Де ж моя димова шашка… Бодай хвильку, зараз знайду…",
      "Дякую друже за гроші, хехе"
    ]
  },
  "Maw": {
    "MOVES": [
      ""
    ],
    "NAME": "Ґавра",
    "DIALOG": [
      "@РРррохррРРрххх!!@"
    ]
  },
  "Mugger": {
    "MOVES": [
      "Напад",
      "Гарбаж"
    ],
    "NAME": "Розбишака ",
    "DIALOG": [
      "Ану давай сюди!",
      "Буваай!"
    ]
  },
  "Nemesis": {
    "MOVES": [
      ""
    ],
    "NAME": "Немезида",
    "DIALOG": [
      ""
    ]
  },
  "Orb Walker": {
    "MOVES": [
      "Зміцнення"
    ],
    "NAME": "Всесвітній мандрівник",
    "DIALOG": [
      "Ініціювання NL щитів."
    ]
  },
  "Puppeteer": {
    "MOVES": [
      ""
    ],
    "NAME": "Ляльковик",
    "DIALOG": [
      ""
    ]
  },
  "Repulsor": {
    "MOVES": [
      ""
    ],
    "NAME": "Попихач",
    "DIALOG": [
      ""
    ]
  },
  "Sentry": {
    "MOVES": [
      "Розпад"
    ],
    "NAME": "Охоронець",
    "DIALOG": [
      ""
    ]
  },
  "Serpent": {
    "MOVES": [
      ""
    ],
    "NAME": "Порослі вежі",
    "DIALOG": [
      ""
    ]
  },
  "Shelled Parasite": {
    "MOVES": [
      ""
    ],
    "NAME": "Панцерний дармоїд",
    "DIALOG": [
      ""
    ]
  },
  "SlaverBlue": {
    "MOVES": [
      "Згортання"
    ],
    "NAME": "Пригноблювач",
    "DIALOG": [
      ""
    ]
  },
  "SlaverBoss": {
    "MOVES": [
      ""
    ],
    "NAME": "Поневолювач",
    "DIALOG": [
      ""
    ]
  },
  "SlaverRed": {
    "MOVES": [
      "Скріб",
      "Обвивання"
    ],
    "NAME": "Пригноблювач",
    "DIALOG": [
      ""
    ]
  },
  "SlimeBoss": {
    "MOVES": [
      "Грюк",
      "Готуюся",
      "Роздвоєння",
      "Розпорошення"
    ],
    "NAME": "Зверхник",
    "DIALOG": [
      "~Слинько…~ NL #r~ТОЛОЧИТИ!!!~",
      ""
    ]
  },
  "SnakePlant": {
    "MOVES": [
      "Знесилюючі спори"
    ],
    "NAME": "Змієквіт",
    "DIALOG": [
      ""
    ]
  },
  "Snecko": {
    "MOVES": [
      "Неприємний відблиск",
      "Хвостом батожить",
      "Укус"
    ],
    "NAME": "Зміяко",
    "DIALOG": [
      ""
    ]
  },
  "SphericGuardian": {
    "MOVES": [
      ""
    ],
    "NAME": "Кулястий вартівник",
    "DIALOG": [
      "~Виявлено~ NL ~Сторонника~"
    ]
  },
  "SpikeSlime_L": {
    "MOVES": [
      "Полизування",
      "Роздвоєння"
    ],
    "NAME": "Колючий слимак (Вел.)",
    "DIALOG": [
      ""
    ]
  },
  "SpikeSlime_M": {
    "MOVES": [
      "Полизування"
    ],
    "NAME": "Колючий слимак (ср.)",
    "DIALOG": [
      ""
    ]
  },
  "SpikeSlime_S": {
    "MOVES": [],
    "NAME": "Колючий слимак (мал.)",
    "DIALOG": [
      ""
    ]
  },
  "Spiker": {
    "MOVES": [
      ""
    ],
    "NAME": "Шпилястик",
    "DIALOG": [
      ""
    ]
  },
  "TheCollector": {
    "MOVES": [
      ""
    ],
    "NAME": "Колекціонер",
    "DIALOG": [
      "@Ти@ @мій!@"
    ]
  },
  "TheGuardian": {
    "MOVES": [
      "Захисний режим",
      "Запеклий удар",
      "Скоцюрбуюся",
      "Подвійний хлоп",
      "Смерч",
      "Заряджаюсь",
      "Випускаю пари"
    ],
    "NAME": "Вартовий",
    "DIALOG": [
      "#b~…ОХОЛОДЖЕННЯ…~",
      "Захищаюсь…",
      "#r@ГАМСЕЛИТИ@ NL #r@ДУБАСИТИ@ NL #r@ЛУПИТИ@",
      "#r@ЗАГРОЗА@ NL #r@ЗАГРОЗА@ NL #r@ЗАГРОЗА@"
    ]
  },
  "TheGuardianOrb": {
    "MOVES": [],
    "NAME": "",
    "DIALOG": []
  },
  "TimeEater": {
    "MOVES": [
      ""
    ],
    "NAME": "Часоїд",
    "DIALOG": [
      "~Охх…~ NL ~…вандрівник…~",
      "~Бевзнь…~ NL @БОВДУР!@"
    ]
  },
  "TorchHead": {
    "MOVES": [
      ""
    ],
    "NAME": "Факело-головий",
    "DIALOG": [
      ""
    ]
  },
  "Transient": {
    "MOVES": [
      ""
    ],
    "NAME": "Мандрований",
    "DIALOG": [
	  ""
    ]
  }
}