{
  "Accuracy": {
    "NAME": "Точність",
    "DESCRIPTIONS": [
      "#yЗапоясники наносять #b",
      " додаткової шкоди."
    ]
  },
  "After Image": {
    "NAME": "Післясвітіння",
    "DESCRIPTIONS": [
      "Щоразу Ви граєте карту, отримуєте #b",
      " #yБроні."
    ]
  },
  "Amplify": {
    "NAME": "Впотужнення",
    "DESCRIPTIONS": [
      "Протягом цього руху, наступний #yТалант грається двічі.",
      "Протягом цього руху, наступні ",
      " #yТаланти граються двічі."
    ]
  },
  "Anger": {
    "NAME": "Гнів",
    "DESCRIPTIONS": [
      "Щоразу Ви граєте карту #yВміння, отримуєте #b",
      " #yМіці."
    ]
  },
  "Angry": {
    "NAME": "Лють",
    "DESCRIPTIONS": [
      "Щоразу ",
      " отримуєте шкоду від #yАтак, отримує #b",
      " #yМіці."
    ]
  },
  "Artifact": {
    "NAME": "Артефакт",
    "DESCRIPTIONS": [
      "Анулює #b",
      " негативний статус.",
      " негативні статуси."
    ]
  },
  "Attack Burn": {
    "NAME": "Палаюча атака",
    "DESCRIPTIONS": [
      "У наступний",
      " хід, Щоразу Ви граєте #yАтаку, вона #yСпалюється.",
      "У наступному #b",
      " ході, Щоразу Ви граєте #yАтаку, вона #yСпалюється."
    ]
  },
  "Barricade": {
    "NAME": "Барикада",
    "DESCRIPTIONS": [
      "#yБроня не знімається на початку вашого руху.",
      "#yБроня не знімається на початку вашого руху."
    ]
  },
  "Berserk": {
    "NAME": "Шаленість",
    "DESCRIPTIONS": [
      "Отримуєте ",
      " на початку Вашого руху."
    ]
  },
  "Bias": {
    "NAME": "Забобони",
    "DESCRIPTIONS": [
      "На початку Вашого руху, втрачаєте #b",
      " #yЗосередження."
    ]
  },
  "Blur": {
    "NAME": "Мла",
    "DESCRIPTIONS": [
      "#yБроня не знімається на початку вашого наступного руху.",
      "#yБроня не знімається наступні #b",
      " рухи."
    ]
  },
  "Brutality": {
    "NAME": "Жорстокість",
    "DESCRIPTIONS": [
      "На початку Вашого руху, втрачаєте #b",
      " ОЗ та берете #b",
      " карту.",
      "На початку Вашого руху, втрачаєте #b",
      " ОЗ та берете #b",
      " карти."
    ]
  },
  "Buffer": {
    "NAME": "Егіда",
    "DESCRIPTIONS": [
      "Захищає Вас від наступної атаки.",
      "Захищає Вас від наступних #b",
      " атак."
    ]
  },
  "Bullet Time": {
    "NAME": "Сповільнення часу",
    "DESCRIPTIONS": [
      "Протягом цього руху, усі зелені карти коштують #b0 енергії."
    ]
  },
  "Burst": {
    "NAME": "Імпульс",
    "DESCRIPTIONS": [
      "Протягом цього руху, наступне #yВміння грається двічі.",
      "Протягом цього руху, наступні ",
      " карти #yВміння граються двічі."
    ]
  },
  "Choked": {
    "NAME": "Задушливість",
    "DESCRIPTIONS": [
      "Втрачаєте #b",
      " ОЗ Щоразу Ви граєте карту протягом цього руху."
    ]
  },
  "Combust": {
    "NAME": "Згорання",
    "DESCRIPTIONS": [
      "Наприкінці Вашого руху, втрачаєте #b",
      " ОЗ та наносите #b",
      " шкоди УСІМ ворогам."
    ]
  },
  "Confusion": {
    "NAME": "Плутанина",
    "DESCRIPTIONS": [
      "Вартість кожної карти, випадкова."
    ]
  },
  "Conserve": {
    "NAME": "Заощадження",
    "DESCRIPTIONS": [
      "#yЕнергія зберігається до наступного руху.",
      "#yЕнергія зберігається наступні #b",
      " рухи."
    ]
  },
  "Constricted": {
    "NAME": "Тіснина",
    "DESCRIPTIONS": [
      "Наприкінці Вашого руху отримуєте #b",
      " шкоди."
    ]
  },
  "Corruption": {
    "NAME": "Псування",
    "DESCRIPTIONS": [
      "Карти #yВміння коштують #b0. При грі, #yСпалюється.",
      "Щоразу Ви граєте #yВміння, воно #yСпалюється."
    ]
  },
  "Creative AI": {
    "NAME": "Творчий ШІ",
    "DESCRIPTIONS": [
      "На початку кожного руху, додає #b",
      " випадковий Талант у руку.",
      " випадкові Таланти у руку."
    ]
  },
  "Curiosity": {
    "NAME": "Захоплення",
    "DESCRIPTIONS": [
      "Щоразу граючи #yТалант , отримуєте #b",
      " #yМіць."
    ]
  },
  "Curl Up": {
    "NAME": "Згортання",
    "DESCRIPTIONS": [
      "Отримуючи шкоду від #yАтак, згортається та отримує ",
      " #yБроні. (Раз за бій)"
    ]
  },
  "Dance Puppet": {
    "NAME": "Лялька",
    "DESCRIPTIONS": [
      "Щоразу Ви граєте не Вміння, отримуєте #b",
      " шкоди. (тип карт змінюється з кожним рухом)",
      "Щоразу Ви граєте не Атаку, отримуєте #b",
      "+1 Ляльку"
    ]
  },
  "Dark Embrace": {
    "NAME": "Темні обійми",
    "DESCRIPTIONS": [
      "Щоразу #yСпалюється карта, берете #b1 карту.",
      "Щоразу #yСпалюється карта, берете #b",
      " карти."
    ]
  },
  "Demon Form": {
    "NAME": "Демонова форма",
    "DESCRIPTIONS": [
      "На початку Вашого руху, отримуєте #b",
      " #yМіць."
    ]
  },
  "DexLoss": {
    "NAME": "Хамулуватий",
    "DESCRIPTIONS": [
      "Наприкінці Вашого руху, втрачаєте #b",
      " #yСпритність."
    ]
  },
  "Dexterity": {
    "NAME": "Спритність",
    "DESCRIPTIONS": [
      "Збільшує #yБроню, отриманий від карт, на #b",
      "Зменшує #yБроню, отриманий від карт, на #b",
      "."
    ]
  },
  "Double Damage": {
    "NAME": "Подвійна шкода",
    "DESCRIPTIONS": [
      "#yАтаки наносять подвійну шкоду наступний(і) #b",
      " хід.",
      " ходи."
    ]
  },
  "Double Tap": {
    "NAME": "Подвійна атака",
    "DESCRIPTIONS": [
      "Протягом цього руху, наступна #yАтака грається двічі.",
      "Протягом цього руху, наступні ",
      " #yАтака грається двічі."
    ]
  },
  "Draw": {
    "NAME": "Тасування",
    "DESCRIPTIONS": [
      "Берете на #b",
      " карту більше, на початку кожного руху.",
      " карту менше, на початку кожного руху.",
      " карти більше, на початку кожного руху.",
      " карти менше, на початку кожного руху."
    ]
  },
  "Draw Card": {
    "NAME": "Підтасовка",
    "DESCRIPTIONS": [
      "Берете #b",
      " карти у наступному руху.",
      " карту у наступному руху."
    ]
  },
  "Draw Down": {
    "NAME": "Гірша рука",
    "DESCRIPTIONS": [
      "Берете на #b",
      " карту менше у наступному руху.",
      " карти менше у наступному руху."
    ]
  },
  "Draw Reduction": {
    "NAME": "Розсипана колода",
    "DESCRIPTIONS": [
      "Берете на #b1 карту менше у наступному руху.",
      "Берете на #b1 карту менше, наступні #b",
      " рухи."
    ]
  },
  "Echo Form": {
    "NAME": "Відлуння",
    "DESCRIPTIONS": [
      "Перша зіграна карта у кожному русі, грається двічі.",
      "Перші #b",
      " зіграна карти у кожному русі, граються двічі."
    ]
  },
  "EnergizedBlue": {
    "NAME": "Пробудження",
    "DESCRIPTIONS": [
      "Отримуєте #b",
      " додаткову [B] у наступному руху.",
      " додаткові [B] у наступному руху.",
      " - TRANSLATOR NOTE: - The above line is for plural if needed to distinguish from singular."
    ]
  },
  "Electro": {
    "NAME": "Електро",
    "DESCRIPTIONS": [
      "#yГромовиця влучає по ВСІМ ворогам.",
      "",
      ""
    ]
  },
  "Energized": {
    "NAME": "Пробудження",
    "DESCRIPTIONS": [
      "Отримуєте #b",
      " додаткову [G] у наступному руху.",
      " додаткові [G] у наступному руху.",
      " - TRANSLATOR NOTE: - The above line is for plural if needed to distinguish from singular."
    ]
  },
  "Entangled": {
    "NAME": "Плутанина",
    "DESCRIPTIONS": [
      "Ви не можете грати #yАтаки протягом цього руху."
    ]
  },
  "Envenom": {
    "NAME": "Отруєння",
    "DESCRIPTIONS": [
      "Щоразу Ви наносите не блоковану шкоду від #yАтак, додатково наносите #b",
      " #yОтрути."
    ]
  },
  "Evolve": {
    "NAME": "Еволюція",
    "DESCRIPTIONS": [
      "Щоразу Ви берете #yСтатус у руку, берете ще одну карту.",
      "Щоразу Ви берете #yСтатус у руку, берете ще #b",
      " карти."
    ]
  },
  "Explosive": {
    "NAME": "Вибуховість",
    "DESCRIPTIONS": [
      "Через #b",
      " рухи, вибухає наносячи #b",
      " шкоди.",
      "На початку свого руху, вибухає наносячи #b"
    ]
  },
  "Extra Cards": {
    "NAME": "Додаткові карти",
    "DESCRIPTIONS": [
      "берете на #b1 більше карт у наступного руху.",
      "берете #b",
      " додаткові карти у наступного руху."
    ]
  },
  "Feel No Pain": {
    "NAME": "Без болість",
    "DESCRIPTIONS": [
      "Щоразу #yСпалюється карта, Ви отримуєте #b",
      " #yБроні."
    ]
  },
  "Fire Breathing": {
    "NAME": "Вогняний подих",
    "DESCRIPTIONS": [
      "Наприкінці Вашого руху, за кожну #yАтаку зіграну протягом цього руху, Ви наносите #b",
      " шкоди УСІМ ворогам."
    ]
  },
  "Flame Barrier": {
    "NAME": "Пламяний бар’єр",
    "DESCRIPTIONS": [
      "Щоразу Ви отримуєте шкоду від #yАтак, наносите #b",
      " шкоди назад."
    ]
  },
  "Flex": {
    "NAME": "Знемога",
    "DESCRIPTIONS": [
      "Наприкінці Вашого руху, втрачаєте #b",
      " #yМіць."
    ]
  },
  "Flight": {
    "NAME": "У повітрі",
    "DESCRIPTIONS": [
      "Зменшує шкоду від #yАтак на #b50%. Скасовується, якщо істоту #yАтакують #b3 рази протягом руху."
    ]
  },
  "Focus": {
    "NAME": "Зосередження",
    "DESCRIPTIONS": [
      "Збільшує ефективність Сфер на #b",
      "Зменшує ефективність Сфер на #b",
      "."
    ]
  },
  "Frail": {
    "NAME": "Кволий",
    "DESCRIPTIONS": [
      "Отримуєте на #b25% менше #yБроні від карт, наступний(і) #b",
      " хід.",
      " ходи."
    ]
  },
  "Gambit": {
    "NAME": "Крок Вперед",
    "DESCRIPTIONS": [
      "Після #b",
      " руху, отримуєте ",
      " рухів, отримуєте ",
      " [B] ."
    ]
  },
  "Generic Strength Up Power": {
    "NAME": "",
    "DESCRIPTIONS": [
      "наприкінці його руху, отримує #b",
      " #yМіці."
    ]
  },
  "GrowthPower": {
    "NAME": "Зростання",
    "DESCRIPTIONS": [
      "наприкінці його руху, отримує #b",
      " #yМіці."
    ]
  },
  "Heatsink": {
    "NAME": "Радіатор",
    "DESCRIPTIONS": [
      "Щоразу граючи Талант , берете #b",
      " карту.",
      " карти."
    ]
  },
  "Hello": {
    "NAME": "Вітання",
    "DESCRIPTIONS": [
      "На початку Вашого руху, додаєте #b",
      " випадкові звичайні карти у руку.",
      " випадкову звичайну карту у руку."
    ]
  },
  "Hex": {
    "NAME": "Заклинання",
    "DESCRIPTIONS": [
      "Щоразу граючи не Атакуючу карту, берете #b",
      " #yПриголомшений у Ваш добір."
    ]
  },
  "Hide": {
    "NAME": "Хованки",
    "DESCRIPTIONS": [
      "Ви не отримуєте шкоди до початку наступного руху.",
      "Ви не отримуєте шкоди наступні #b",
      " рухи."
    ]
  },
  "Infinite Blades": {
    "NAME": "Нескінченні леза",
    "DESCRIPTIONS": [
      "На початку Вашого руху, берете #b",
      " #yЗапоясники.",
      " #yЗапоясник."
    ]
  },
  "Intangible": {
    "NAME": "Ухиляння",
    "DESCRIPTIONS": [
      "Протягом цього руху зменшує УСЮ шкоду та втрату ОЗ до #b1. Ухильний повторно застосовується кожен другий хід."
    ]
  },
  "IntangiblePlayer": {
    "NAME": "Ухиляння",
    "DESCRIPTIONS": [
      "Зменшує УСЮ шкоду та втрату ОЗ до #b1."
    ]
  },
  "Inverted": {
    "NAME": "Догори дриґом",
    "DESCRIPTIONS": [
      "Захищений від шкоди. Та щоразу Ви отримуєте #yБроні, втрачаєте стільки ж ОЗ."
    ]
  },
  "Juggernaut": {
    "NAME": "Броненосець",
    "DESCRIPTIONS": [
      "Щоразу Ви отримуєте #yБроні, наносите #b",
      " шкоди до випадкового ворога."
    ]
  },
  "Knowledge": {
    "NAME": "Мудрість",
    "DESCRIPTIONS": [
      "Щоразу, граючи #yТалант , берете #b",
      " карт."
    ]
  },
  "Life Link": {
    "NAME": "Життєве з’єднання",
    "DESCRIPTIONS": [
      "Якщо інші вороги ще живі, оживає за #b2 рухи з #bполовиною ОЗ."
    ]
  },
  "Lockon": {
    "NAME": "Прицілення",
    "DESCRIPTIONS": [
      "#yГромовиці та #yПітьми вицілюють цього ворога, наступні #b",
      " рухи.",
      "#yГромовиці та #yПітьми вицілюють цього ворога протягом цього руху."
    ]
  },
  "Loop": {
    "NAME": "Повторення",
    "DESCRIPTIONS": [
      "На початку наступного руху, використовуєте пасивну здібність наступної Сфери.",
      "На початку наступного руху, використовуєте пасивну здібність наступних Сфер #b",
      " рази."
    ]
  },
  "Machine Learning": {
    "NAME": "Машинне навчання",
    "DESCRIPTIONS": [
      "Берете #b",
      " додаткову карту на початку кожного руху.",
      " додаткові карти на початку кожного руху."
    ]
  },
  "Magnetism": {
    "NAME": "Ваба",
    "DESCRIPTIONS": [
      "На початку кожного руху, додає #b%s випадкову безбарвну карту у руку.",
      "На початку кожного руху, додає #b%s випадкові безбарвні карти у руку."
    ]
  },
  "Malleable": {
    "NAME": "Ковкий",
    "DESCRIPTIONS": [
      "Отримуючи шкоду від #yАтак, отримує #b",
      " #yБроні. Отримана #yБроня збільшується коли ",
      " спрацьовує. Повертається до #b",
      " на початку Вашого руху."
    ]
  },
  "Mayhem": {
    "NAME": "Розгардіяш",
    "DESCRIPTIONS": [
      "На початку Вашого руху, граєте першу карту з добору.",
      "На початку Вашого руху, граєте першу #b",
      " карти з добору."
    ]
  },
  "Metallicize": {
    "NAME": "Броньований",
    "DESCRIPTIONS": [
      "Отримуєте #b",
      " #yБроні наприкінці Вашого руху.",
      "Отримує #b",
      " #yБроні наприкінці його руху."
    ]
  },
  "Minion": {
    "NAME": "Посіпака",
    "DESCRIPTIONS": [
      "Посіпаки покидають бій без їхнього лідера."
    ]
  },
  "Mode Shift": {
    "NAME": "Перетворення",
    "DESCRIPTIONS": [
      "Отримуючи #b",
      " шкоди, змінюється у захисний уклад."
    ]
  },
  "Next Turn Block": {
    "NAME": "Броня з наступним рухом",
    "DESCRIPTIONS": [
      "На початку Вашого наступного руху, отримуєте #b",
      " #yБроні."
    ]
  },
  "Night Terror": {
    "NAME": "Страхіття",
    "DESCRIPTIONS": [
      "На початку Вашого наступного руху, берете #b",
      " додаткові карти у руку."
    ]
  },
  "No Attack": {
    "NAME": "Роззброєння",
    "DESCRIPTIONS": [
      "Ви не можете грати #yАтаки у цьому русі."
    ]
  },
  "No Draw": {
    "NAME": "Заборона на карти",
    "DESCRIPTIONS": [
      "Ви не можете брати карти до кінця руху."
    ]
  },
  "Noxious Fumes": {
    "NAME": "Отруйний пердіж",
    "DESCRIPTIONS": [
      "На початку Вашого руху, наносите #b",
      " #yОтрути на УСІХ ворогів."
    ]
  },
  "Nullify Attack": {
    "NAME": "Щасливий промах",
    "DESCRIPTIONS": [
      "Повністю #yБлокує одну #yАтаку кожен хід."
    ]
  },
  "Painful Stabs": {
    "NAME": "Болісні удари",
    "DESCRIPTIONS": [
      "Щоразу Ви отримуєте шкоду від цього ворога, додаєте #yРану у Відбій."
    ]
  },
  "Panache": {
    "NAME": "Блиск",
    "DESCRIPTIONS": [
      "Зіграючи ще #b",
      " карту у цьому русі, нанесете #b",
      " шкоди УСІМ ворогам.",
      " карти у цьому русі, нанесете #b"
    ]
  },
  "Pen Nib": {
    "NAME": "Кінчик пера",
    "DESCRIPTIONS": [
      "Наступна #yАтака наносить подвійну шкоду."
    ]
  },
  "Phantasmal": {
    "NAME": "Примарний",
    "DESCRIPTIONS": [
      "Наносите #yПодвійну #yшкоду наступного руху.",
      "Наносите #yПодвійну #yшкоду наступні ",
      " рухи."
    ]
  },
  "Plated Armor": {
    "NAME": "Панцерна броня",
    "DESCRIPTIONS": [
      "Отримуєте #b",
      " #yБроні наприкінці Вашого руху. Втрачаючи ОЗ від атак, зменшує #yПанцерну #yБроню на #b1.",
      "Отримує #b",
      " #yБроні наприкінці його руху. Втрачаючи ОЗ від атак, зменшує #yПанцерну #yБроню на #b1."
    ]
  },
  "Poison": {
    "NAME": "Отрута",
    "DESCRIPTIONS": [
      "На початку Вашого руху, втрачаєте #b",
      " ОЗ, зменшуючи дію #yОтрути на #b1.",
      "На початку його руху, втрачає #b"
    ]
  },
  "Prime": {
    "NAME": "Первинний",
    "DESCRIPTIONS": [
      "Щоразу Ви #yспрямовуєте Сферу, берете #b",
      " карту.",
      " карти."
    ]
  },
  "Primitive": {
    "NAME": "Вузькоглядний",
    "DESCRIPTIONS": [
      "Щоразу Ви граєте звичайну карту, берете #b",
      " карту.",
      " карти."
    ]
  },
  "Rage": {
    "NAME": "Лють",
    "DESCRIPTIONS": [
      "Щоразу Ви граєте Атаку у цьому руху, отримуєте #b",
      " #yБроні."
    ]
  },
  "Rebound": {
    "NAME": "Відскок",
    "DESCRIPTIONS": [
      "Кладете наступну зіграну карту, у цьому русі, поверх добору.",
      "Кладете наступні #b",
      " зіграні карти, у цьому русі, поверх добору."
    ]
  },
  "Reduce Damage": {
    "NAME": "Зменшення шкоди",
    "DESCRIPTIONS": [
      "Зменшує отриману шкоду на #b"
    ]
  },
  "Regenerate": {
    "NAME": "Відродження",
    "DESCRIPTIONS": [
      "Зцілюєтесь на #b",
      " #yОЗ наприкінці руху."
    ]
  },
  "Regeneration": {
    "NAME": "Зцілення",
    "DESCRIPTIONS": [
      "Наприкінці руху, Зцілюєтесь на #b",
      " #yОЗ, #yЗцілення зменшується на #b1.",
      ""
    ]
  },
  "Repair": {
    "NAME": "Поправа",
    "DESCRIPTIONS": [
      "Наприкінці бою, зцілюєтеся на #b",
      " ОЗ."
    ]
  },
  "Repulse": {
    "NAME": "Відсіч",
    "DESCRIPTIONS": [
      "Щоразу ",
      " отримує шкоду від Атакуючих карт, додає #yРану у руку."
    ]
  },
  "Retain Cards": {
    "NAME": "Утримання карт",
    "DESCRIPTIONS": [
      "наприкінці кожного руху, Ви можете утримати #b",
      " карту.",
      " карти."
    ]
  },
  "Retain Hand": {
    "NAME": "Утримання руки",
    "DESCRIPTIONS": [
      "наприкінці вашого руху, карти не усуваються, наступні #b",
      " рухи.",
      "наприкінці вашого руху, карти не усуваються."
    ]
  },
  "Riposte": {
    "NAME": "Влучна відповідь",
    "DESCRIPTIONS": [
      "Раз за хід, наносить #b",
      " шкоди назад коли Ви граєте #yАтаку."
    ]
  },
  "Ritual": {
    "NAME": "Обряд",
    "DESCRIPTIONS": [
      "наприкінці його руху, отримує #b",
      " #yМіці."
    ]
  },
  "Rupture": {
    "NAME": "Розрив",
    "DESCRIPTIONS": [
      "Втрачаючи ОЗ від карти, отримуєте #b",
      " #yМіці."
    ]
  },
  "Sadistic": {
    "NAME": "Дикість",
    "DESCRIPTIONS": [
      "Наносячи негативний статус на ворога, додатково наносите #b",
      " шкоди."
    ]
  },
  "Serpentine": {
    "NAME": "Змієподібність",
    "DESCRIPTIONS": [
      "Несприйнятливий до #yЗілля."
    ]
  },
  "Shackled": {
    "NAME": "Скований",
    "DESCRIPTIONS": [
      "Повертає #b",
      " #yМіці наприкінці руху."
    ]
  },
  "Sharp Hide": {
    "NAME": "Гострі хованки",
    "DESCRIPTIONS": [
      "Щоразу Ви граєте #yАтаку, отримуєте #b",
      " шкоди."
    ]
  },
  "Shriek From Beyond": {
    "NAME": "Крик здалеку",
    "DESCRIPTIONS": [
      "Щоразу Ви граєте #yАтаку, усуваєте випадкову карту."
    ]
  },
  "Skill Burn": {
    "NAME": "Пекучі навички",
    "DESCRIPTIONS": [
      "Спалює зіграні #yВміння протягом #b",
      " руху.",
      "Спалює зіграні #yВміння протягом наступні #b",
      " рухи."
    ]
  },
  "Slow": {
    "NAME": "Повільність",
    "DESCRIPTIONS": [
      "За кожну зіграну карту у цьому русі, ",
      " отримує на #b10% більше шкоди від #yАтак.",
      " (Отримує #b",
      "% більше шкоди)"
    ]
  },
  "Split": {
    "NAME": "Роздвоєння",
    "DESCRIPTIONS": [
      "Втрачаючи #b50% життя, чи більше, розділяється на #b2 менших слимака з ОЗ ",
      "(а)."
    ]
  },
  "Spore Cloud": {
    "NAME": "Хмара спору",
    "DESCRIPTIONS": [
      "При смерті, наносить #yУразливість на Вас на наступні #b",
      " рухи."
    ]
  },
  "Stasis": {
    "NAME": "Застій",
    "DESCRIPTIONS": [
      "При смерті, ",
      " повертається у руку."
    ]
  },
  "StaticDischarge": {
    "NAME": "Статичний розряд",
    "DESCRIPTIONS": [
      "Отримуючи шкоду від #yАтак, #yспрямовує #b",
      " #yГромовиці."
    ]
  },
  "Storm": {
    "NAME": "Буревій",
    "DESCRIPTIONS": [
      "Щоразу граючи #bТалант , #yспрямовує #b ",
      " Громовицю."
    ]
  },
  "Strength": {
    "NAME": "Міць",
    "DESCRIPTIONS": [
      "Збільшує шкоду від атак на #b",
      "Зменшує шкоду від атак на #b",
      "."
    ]
  },
  "TheBomb": {
    "NAME": "Бомба",
    "DESCRIPTIONS": [
      "Після %1$s рухів, наносить %2$s шкоди усім ворогам.",
      "Після цього руху, наносить %2$s шкоди усім ворогам."
    ]
  },
  "Thievery": {
    "NAME": "Покража",
    "DESCRIPTIONS": [
      " краде #b",
      " #yЗолота з кожною атакою."
    ]
  },
  "Thorns": {
    "NAME": "Шипи",
    "DESCRIPTIONS": [
      "Отримуючи шкоди від #yАтак, наносить #b",
      " шкоди назад."
    ]
  },
  "Thousand Cuts": {
    "NAME": "Тисяча порізів",
    "DESCRIPTIONS": [
      "Щоразу Ви граєте карту, наносите #b",
      " шкоди УСІМ ворогам."
    ]
  },
  "Time Warp": {
    "NAME": "Кривизна часу",
    "DESCRIPTIONS": [
      "Граючи #b",
      " карт(и), Ваш хід закінчиться та Часоїд отримає #b",
      " #yМіці."
    ]
  },
  "Tools Of The Trade": {
    "NAME": "Багатий запас",
    "DESCRIPTIONS": [
      "На початку Вашого руху, берете #b",
      " карту та усуваєте #b",
      " карту.",
      " карти та усуваєте #b",
      " карти."
    ]
  },
  "Unawakened": {
    "NAME": "Сплячий",
    "DESCRIPTIONS": [
      "Цей ворог спить солодкими снами…"
    ]
  },
  "Unstable": {
    "NAME": "Нестійкий",
    "DESCRIPTIONS": [
      "Наносите достатньо шкоди щоб збити з ніг."
    ]
  },
  "Venomology": {
    "NAME": "Токсінологія",
    "DESCRIPTIONS": [
      "#yОтрута не зменшується, а тільки посилюється на #b",
      " кожного руху."
    ]
  },
  "Vulnerable": {
    "NAME": "Уразливість",
    "DESCRIPTIONS": [
      "Отримуєте на #b",
      "% більше шкоди від #yАтак, наступний(і) #b",
      " хід.",
      " ходи."
    ]
  },
  "Weakened": {
    "NAME": "Ослабленість",
    "DESCRIPTIONS": [
      "#yАтаки наносять на #b",
      "% менше шкоди, наступний(і) #b",
      " хід.",
      " ходи."
    ]
  },
  "Wraith Form v2": {
    "NAME": "Спектральна форма",
    "DESCRIPTIONS": [
      "Наприкінці Вашого руху, втрачаєте #b",
      " #yСпритність."
    ]
  },
  "Equilibrium": {
    "NAME": "Рівновага",
    "DESCRIPTIONS": [
      "Зберігаєте карти у руці, до наступного руху.",
      "Зберігаєте карти у руці, наступні #b",
      " рухи."
    ]
  },
  "Fading": {
    "NAME": "Чевріє",
    "DESCRIPTIONS": [
      "Помре через #b",
      " рухи.",
      "Помре в цьому русі."
    ]
  },
  "Shifting": {
    "NAME": "Несталий",
    "DESCRIPTIONS": [
      "Щоразу ",
      " отримує шкоду, втрачає стільки ж #yМіці, до кінця руху."
    ]
  },
  "TimeMazePower": {
    "NAME": "Часовий лабіринт",
    "DESCRIPTIONS": [
      "Граючи #b",
      " карт(и), Ваш хід закінчиться"
    ]
  },
  "NoBlockPower": {
    "NAME": "Без броні",
    "DESCRIPTIONS": [
      "Ви не заможете отримати #yБроню з карт."
    ]
  },
  "CorpseExplosionPower": {
    "NAME": "Підрив тіла",
    "DESCRIPTIONS": [
      "Коли цей ворог помирає, наносить шкоду рівну своєму макс. ОЗ, УСІМ ворогам.",
    "Коли цей ворог помирає, наносить шкоду у #b",
    " рази більше свого ОЗ, УСІМ ворогам."
    ]
  }
}