{
  "Anchor": {
    "NAME": "Якір",
    "FLAVOR": "Тримаючи цей мініатюрний якір, Ви відчуваєте себе стабільніше.",
    "DESCRIPTIONS": [
      "Починаєте кожен бій з #b",
      " #yБроні."
    ]
  },
  "Ancient Tea Set": {
    "NAME": "Старовинний набір до чаю",
    "FLAVOR": "Найкращий напій на ніч.",
    "DESCRIPTIONS": [
      "Щоразу Ви заходите до Табору, починаєте наступний бій з [R] [R] .",
      "Щоразу Ви заходите до Табору, починаєте наступний бій з [G] [G] .",
      "Щоразу Ви заходите до Табору, починаєте наступний бій з [B] [B] ."
    ]
  },
  "Art of War": {
    "NAME": "Мистецтво війни",
    "FLAVOR": "Цей стародавній рукопис, містить мудрість з минулих віків.",
    "DESCRIPTIONS": [
      "Якщо Ви не #yАтакуватимете під час Вашої черги, отримаєте додатковий(-е) ",
      "[R] у наступному руху.",
      "[G] у наступному руху.",
      "[B] у наступному руху."
    ]
  },
  "Astrolabe": {
    "NAME": "Астролябія",
    "FLAVOR": "Інструмент для дослідження зірок.",
    "DESCRIPTIONS": [
      "Обери та #yПеретвори #b3 карти, потім #yПокращ їх.",
      "Оберіть 3 карти для "
    ]
  },
  "Bag of Marbles": {
    "NAME": "Мішечок з камінцями",
    "FLAVOR": "Колись була популярною іграшкою серед дітей. На цей день використовується задля збивання ворогів з балансу.",
    "DESCRIPTIONS": [
      "На початку кожного бою, накладає #b",
      " #yУразливий статус на ВСІХ ворогів."
    ]
  },
  "Bag of Preparation": {
    "NAME": "Добре спакований рюкзак",
    "FLAVOR": "Має багато кишень і ремінців.",
    "DESCRIPTIONS": [
      "На початку кожного бою, берете #b",
      " додаткових карт."
    ]
  },
  "Bird Faced Urn": {
    "NAME": "Урна з головою пташки",
    "FLAVOR": "Ця урна зображує бога ворона-Мазалефа, який виглядає зловісним.",
    "DESCRIPTIONS": [
      "Кожного разу, граючи #yТалант , зцілюєтесь на #b",
      " ОЗ."
    ]
  },
  "Black Blood": {
    "NAME": "Чорна кров",
    "FLAVOR": "Нечиста злість.",
    "DESCRIPTIONS": [
      "Замінює #rПалаючу #rКров. Наприкінці бою, зцілюєтесь на #b",
      " ОЗ."
    ]
  },
  "Black Star": {
    "NAME": "Чорна зірочка",
    "FLAVOR": "Знайдений у місті «Змії», поруч із самотньою свічкою.",
    "DESCRIPTIONS": [
      "#yЕліти залишають по собі додатковий Амулет."
    ]
  },
  "Blood Vial": {
    "NAME": "Флакон крові",
    "FLAVOR": "Флакон з кров’ю чистокровного вампіра.",
    "DESCRIPTIONS": [
      "На початку кожного бою, зцілюєтесь на #b",
      " ОЗ."
    ]
  },
  "Bloody Idol": {
    "NAME": "Кривавий ідол",
    "FLAVOR": "Ідол плаче постійним потоком крові.",
    "DESCRIPTIONS": [
      "Кожного разу, як Ви отримуєте #yЗолото, зцілюєтесь на #b",
      " ОЗ."
    ]
  },
  "Blue Candle": {
    "NAME": "Синя свічка",
    "FLAVOR": "Полум’я свічки запалюється, в темряві.",
    "DESCRIPTIONS": [
      "Ви можете грати #yПрокляті карти. NL NL Граючи #yПрокляту карту, вона #yСпалюється, а Ви втрачаєте #b",
      " ОЗ."
    ]
  },
  "Bottled Flame": {
    "NAME": "Полум’я у пляшці",
    "FLAVOR": "У пляшці знаходиться полум’я, яке горить вічно.",
    "DESCRIPTIONS": [
      "Підбираючи, виберіть Атакуючу карту. Вона буде у Вас у руці на початку кожного бою.",
      "Виберіть карту ",
      "На початку кожного бою, додати ",
      " до руки."
    ]
  },
  "Bottled Lightning": {
    "NAME": "Блискавка у пляшці",
    "FLAVOR": "Заглянувши в кружляючу бульварку, Ви бачите частинку себе.",
    "DESCRIPTIONS": [
      "Підбираючи, виберіть Навичку. Вона буде у Вас у руці на початку кожного бою.",
      "Виберіть карту ",
      "На початку кожного бою, додати ",
      " до руки."
    ]
  },
  "Bottled Tornado": {
    "NAME": "Торнадо у пляшці",
    "FLAVOR": "Тестовий амулет.",
    "DESCRIPTIONS": [
      "Підбираючи, виберіть Талант. Він буде у Вас в руці на початку кожного бою.",
      "Виберіть карту ",
      "На початку кожного бою, додати ",
      " до руки."
    ]
  },
  "Bronze Scales": {
    "NAME": "Бронзова луска",
    "FLAVOR": "Гострі луска Охоронця. Переміщаються для захисту свого користувача. ",
    "DESCRIPTIONS": [
      "На початку кожного бою, отримуєте #b",
      " #yШипи."
    ]
  },
  "Burning Blood": {
    "NAME": "Палаюча кров",
    "FLAVOR": "Власна кров горить нечуваним гнівом.",
    "DESCRIPTIONS": [
      "Наприкінці кожного бою, зцілюєтесь на #b",
      " ОЗ."
    ]
  },
  "Cables": {
    "NAME": "Позолочені дроти",
    "FLAVOR": "«Цікаво як! Плацебо й на робітів працює.» - Ранвід",
    "DESCRIPTIONS": [
      "Пасивна здібність найправішої Сфери, спрацьовує двічі."
    ]
  },
  "Calipers": {
    "NAME": "Каверномір",
    "FLAVOR": "«Механічна точність призводить до величі» - Архітектор",
    "DESCRIPTIONS": [
      "На початку кожного бою, втрачаєте #b",
      " #yБроні замість усієї #yБроні."
    ]
  },
  "Calling Bell": {
    "NAME": "Дзвінок дзвоника",
    "FLAVOR": "Цей таємничий залізний дзвінок, задзвонив 3 рази коли Ви його знайшли, але тепер лишається тихим.",
    "DESCRIPTIONS": [
      "Отримуєте #b3 #yПрокляті карти та #b3 #yАмулети.",
      "Дзвоник дзвонить…",
      "Пропустити нагороду",
      "Закрити"
    ]
  },
  "Cauldron": {
    "NAME": "Котел",
    "FLAVOR": "Торговець, досить кваліфікований зіллє-вар. Купуйте 4, отримаєте 1 безкоштовно.",
    "DESCRIPTIONS": [
      "Підбираючи, варить #b5 випадкових зілль.",
      "Блап бліп блуп…!"
    ]
  },
  "Centennial Puzzle": {
    "NAME": "Столітня головоломка",
    "FLAVOR": "Вирішуючи головоломку, Ви відчуваєте силу.",
    "DESCRIPTIONS": [
      "Вперше втрачаючи ОЗ кожного руху, берете #b",
      " додатковий карт."
    ]
  },
  "Chameleon Ring": {
    "NAME": "Кільце хамелеона",
    "FLAVOR": "DEPRECATED",
    "DESCRIPTIONS": [
      "You can now #yBrew at Rest Sites."
    ]
  },
  "Champion Belt": {
    "NAME": "Пояс чемпіона",
    "FLAVOR": "Тільки найкращі можуть носити цей пояс.",
    "DESCRIPTIONS": [
      "Щоразу Ви наносите #yУразливий статус, також наноситься #b",
      " #yСлабкість."
    ]
  },
  "Charon's Ashes": {
    "NAME": "Попіл Харона",
    "FLAVOR": "Було сказано, що Харон був богом відродження, вічно вмираючи та відроджуючи у полум’ї.",
    "DESCRIPTIONS": [
      "Щоразу Ви #yСпалюєте карту, також наноситься #b",
      " шкоди ВСІМ ворогам."
    ]
  },
  "Chemical X": {
    "NAME": "Хімікат ікс",
    "FLAVOR": "УВАГА: Не змішуйте цукор, прянощі, і всяке смачне.",
    "DESCRIPTIONS": [
      "DEPRECATED Щоразу Ви граєте cost #bX card, its effects are increased by #b"
    ]
  },
  "Circlet": {
    "NAME": "Браслет",
    "FLAVOR": "Ви зібрали усі Амулети. Вражаюче!",
    "DESCRIPTIONS": [
      "Зберіть стільки, скільки но зможете."
    ]
  },
  "Cracked Core": {
    "NAME": "Потріскане нутро",
    "FLAVOR": "Таємнича життєва сила, яка живить Робітів у Вежі. На вигляд, вона бодай тріснута.",
    "DESCRIPTIONS": [
      "На початку кожного руху, #yСпрямовує #b1 #yГромовицю."
    ]
  },
  "FrozenCore": {
    "NAME": "Замерзле нутро",
    "FLAVOR": "Тріщина у нутрі, заповнилася пульсівною, холодною енергією.",
    "DESCRIPTIONS": [
      "Замінює #rПотріскане #rнутро. Якщо Ви закінчуєте свій хід без спрямованих сфер, #yСпрямовує #b1 #yСкипень."
    ]
  },
  "Cursed Key": {
    "NAME": "Проклятий ключ",
    "FLAVOR": "Ви відчуваєте погану силу, яка випромінюється з цього ключа. Влада має свою ціну.",
    "DESCRIPTIONS": [
      "Щоразу, Ви відкриваєте не князівську скриню , отримуєте #rПрокляну карту.",
      "Отримуєте [R] на початку кожного руху.",
      "Отримуєте [G] на початку кожного руху.",
      "Отримуєте [B] на початку кожного руху."
    ]
  },
  "Darkstone Periapt": {
    "NAME": "Темно-камінний амулет",
    "FLAVOR": "Цей амулет поглинає енергію невідомої нечисті, перетворюючи її в довговічність для власника.",
    "DESCRIPTIONS": [
      "Щоразу Ви отримуєте #yПрокляття, Ваше макс ОЗ збільшується на #b"
    ]
  },
  "DataDisk": {
    "NAME": "Диск з даними",
    "FLAVOR": "Цей диск містить дорогоцінні дані про птахів і змій.",
    "DESCRIPTIONS": [
      "Починаєте кожен бій з #b",
      " #yЗосередженням."
    ]
  },
  "Dead Branch": {
    "NAME": "Мертва вітка",
    "FLAVOR": "Віта дерева з забутої епохи.",
    "DESCRIPTIONS": [
      "Щоразу Ви #yСпалюєте карту, додає випадкову карту у руку."
    ]
  },
  "Derp Rock": {
    "NAME": "Derp камінь",
    "FLAVOR": "Placeholder",
    "DESCRIPTIONS": [
      "на початку кожного руху, отримуєте #b",
      " Charge. NL (Cannot be removed or transformed.)"
    ]
  },
  "Discerning Monocle": {
    "NAME": "Сприйнятливий монокль",
    "FLAVOR": "Й справді дуже елегантний монокль.",
    "DESCRIPTIONS": [
      "Ціни у Торговця зменшені на #b20%"
    ]
  },
  "Dodecahedron": {
    "NAME": "Дванадцятикутний рунік",
    "FLAVOR": "Руни неможливо розібрати.",
    "DESCRIPTIONS": [
      "Якщо у Вас повне ОЗ, отримуєте ",
      "[R] на початку кожного руху.",
      "[G] на початку кожного руху.",
      "[B] на початку кожного руху."
    ]
  },
  "Dream Catcher": {
    "NAME": "Ловець снів",
    "FLAVOR": "Північні племена часто використовували «Ловець Снів» вночі, вважаючи, воно призводить до самовдосконалення.",
    "DESCRIPTIONS": [
      "Щоразу відпочиває у таборі, Ви можете додати карту до Вашої колоди."
    ]
  },
  "Du-Vu Doll": {
    "NAME": "Ду-Ву лялька",
    "FLAVOR": "Лялька задумана отримувати міць від нечисті.",
    "DESCRIPTIONS": [
      "За кожне #yПрокляття в колоді, починаєте кожен бій з #b",
      " додаткової #yМіці.",
      " ніц #yПрокляття нема.",
      " У Вас є #b",
      " #yПроклять."
    ]
  },
  "Ectoplasm": {
    "NAME": "Ектоплазма",
    "FLAVOR": "Цей шматочок слизі здається живим.",
    "DESCRIPTIONS": [
      " Ви більше не можете отримувати #yЗолото.",
      "Отримуєте [R] на початку кожного руху.",
      "Отримуєте [G] на початку кожного руху.",
      "Отримуєте [B] на початку кожного руху."
    ]
  },
  "Emotion Chip": {
    "NAME": "Емоційна марка",
    "FLAVOR": "...<3...?",
    "DESCRIPTIONS": [
      "Якщо в минулому русі Ви втратили ОЗ, на початку цього руху, спрацьовують пасивні здібності УСІХ Сфер."
    ]
  },
  "Enchiridion": {
    "NAME": "Довідник",
    "FLAVOR": "Легендарний журнал давньої лічі.",
    "DESCRIPTIONS": [
      "На початку кожного бою, додає випадковий #yТалант до руки. Коштує #b0 енергії до кінця руху."
    ]
  },
  "Eternal Feather": {
    "NAME": "Вічне пір’я",
    "FLAVOR": "Це перо, неможливо знищити. З якої це пташки?? ",
    "DESCRIPTIONS": [
      "За кожну #b",
      " карту у вашій колоді, зцілює #b",
      " ОЗ Щоразу Ви зупиняєтесь у Таборі відпочинку."
    ]
  },
  "Frozen Egg": {
    "NAME": "Заморожене яйко",
    "FLAVOR": "Яйко лежить інертним і замороженим, ніколи не вилупившись.",
    "DESCRIPTIONS": [
      "Підбираючи, оберіть та #yПоліпшіть #yТалант .",
      "Оберіть карту, для "
    ]
  },
  "Frozen Egg 2": {
    "NAME": "Заморожене яйко",
    "FLAVOR": "Яйко лежить інертним і замороженим, ніколи не вилупившись.",
    "DESCRIPTIONS": [
      "Щоразу Ви додаєте #yТалант до Вашої колоди, вона #yПоліпшується."
    ]
  },
  "Frozen Eye": {
    "NAME": "Заморожене око",
    "FLAVOR": "Відсутній опис.",
    "DESCRIPTIONS": [
      "При перегляді #yДобору, карти тепер показані по порядку."
    ]
  },
  "Gambling Chip": {
    "NAME": "Азартна марка",
    "FLAVOR": "Ви бачите невеликий напис з боку. Там пишеться: «Ведмежа Щаслива Марка!»",
    "DESCRIPTIONS": [
      "На початку кожного бою, скиньте будь-яку кількість карт з руки у відбій, а потім наберіть стільки ж карт у руку."
    ]
  },
  "Ginger": {
    "NAME": "Імбир",
    "FLAVOR": "Потужний інгредієнт у багатьох тоніках.",
    "DESCRIPTIONS": [
      "Вас неможливо #yОслабити."
    ]
  },
  "Girya": {
    "NAME": "Тягарець",
    "FLAVOR": "Цей тягарець незмінно важкий. Ви могли б тренуватися з ним, щоб зміцнитись.",
    "DESCRIPTIONS": [
      "Ви можете отримувати #yМіць у Таборах відпочинку. (макс. 3 рази)"
    ]
  },
  "Golden Idol": {
    "NAME": "Золотий ідол",
    "FLAVOR": "Виготовлено суцільно з золота, ти почуваєшся багатшим, просто тримай його.",
    "DESCRIPTIONS": [
      "Вороги залишають по собі на #b25% більше #yЗолота."
    ]
  },
  "Gremlin Horn": {
    "NAME": "Ріг гремліна",
    "FLAVOR": "«Гремлін Нобс здатні рости до дня своєї смерті. Дивовижно.» - Ранвід",
    "DESCRIPTIONS": [
      "Щоразу ворог вмирає, отримуєте ",
      "[R] та берете #b1 карту.",
      "[G] та берете #b1 карту.",
      "[B] та берете #b1 карту."
    ]
  },
  "Happy Flower": {
    "NAME": "Щаслива квітка",
    "FLAVOR": "Ця невпинно радісна рослина є популярною серед дворян.",
    "DESCRIPTIONS": [
      "Кожні #b",
      " руху, отримуєте [R] .",
      " руху, отримуєте [G] .",
      " руху, отримуєте [B] ."
    ]
  },
  "Ice Cream": {
    "NAME": "Морозиво",
    "FLAVOR": "\"Смачно як!\"",
    "DESCRIPTIONS": [
      "Енергія тепер зберігається між рухами."
    ]
  },
  "Inserter": {
    "NAME": "Втуляч",
    "FLAVOR": "Додати. Відняти. Копичити. Повторювати.",
    "DESCRIPTIONS": [
      "Кожні #b2 ходи, отримуєте #b1 місце для Сфери."
    ]
  },
  "Juzu Bracelet": {
    "NAME": "Браслет юзу",
    "FLAVOR": "Проливає світло на невідоме.",
    "DESCRIPTIONS": [
      "Вороги більше не зустрічаються у #y? кімнатах."
    ]
  },
  "Kunai": {
    "NAME": "Кунай",
    "FLAVOR": "Лезо, яке знатне за його летальність на відстані.",
    "DESCRIPTIONS": [
      "Щоразу Ви граєте #b",
      " #yАтак за один хід, отримуєте #b",
      " #yСпритність."
    ]
  },
  "Lantern": {
    "NAME": "Ліхтарик",
    "FLAVOR": "Жахливий ліхтарик, який висвітлює тільки для майстра.",
    "DESCRIPTIONS": [
      "Отримуєте ",
      "[R] ",
      "[G] ",
      "[B] ",
      "на перший хід кожного бою."
    ]
  },
  "Lee's Waffle": {
    "NAME": "Вафля",
    "FLAVOR": "«Найсладші задоволення знайдені у всій Вежі! Спечена сьогодні тільки для Вас.» - Василь",
    "DESCRIPTIONS": [
      "Підбираючи, збільшує макс. ОЗ на #b",
      " й зціліть усе своє ОЗ."
    ]
  },
  "Letter Opener": {
    "NAME": "Відкривачка",
    "FLAVOR": "Надприродно Гостра.",
    "DESCRIPTIONS": [
      "Щоразу Ви граєте #b3 Вміння за один хід, наносите #b",
      " шкоди ВСІМ ворогам."
    ]
  },
  "Living Blade": {
    "NAME": "Living Blade",
    "FLAVOR": "DEPRECATED",
    "DESCRIPTIONS": [
      "You can get any number of any card."
    ]
  },
  "Lizard Tail": {
    "NAME": "Ящірний хвіст",
    "FLAVOR": "Хибний хвіст — Обдурює ворогів у бою.",
    "DESCRIPTIONS": [
      "Замість смерті, Ви зцілюєтесь до #b50% макс. ОЗ (працює один раз)."
    ]
  },
  "Magic Flower": {
    "NAME": "Чарівна квітка",
    "FLAVOR": "Квітка, вимерлого виду, якось збереглася в ідеальному стані.",
    "DESCRIPTIONS": [
      "Зцілення від тепер на #b50% ефективніше у бою."
    ]
  },
  "Mango": {
    "NAME": "Манго",
    "FLAVOR": "Найбажаніший, втрачений плід. Бездоганно зберегся без ознак забруднення вежею.",
    "DESCRIPTIONS": [
      "Підбираючи, збільшує макс. ОЗ на #b"
    ]
  },
  "Mark of Pain": {
    "NAME": "Марка болю",
    "FLAVOR": "Цю марку використовували північні племена для позначення воїнів, які опановували біль в бою.",
    "DESCRIPTIONS": [
      "Отримуєте [R] на початку кожного руху. Почнаєте бій з #b2 #rРанами у колоді."
    ]
  },
  "Matryoshka": {
    "NAME": "Мотрійка",
    "FLAVOR": "Складаний набір розписаних ляльок. Фарба зображує невідому птицю з білими очима та блакитними пір’ям.",
    "DESCRIPTIONS": [
      "У наступних #b2-х скринях ви знайдете #b2 #yАмулети. (Не враховуючи князівські скрині)",
      "У наступній скрині ви знайдете #b2 #yАмулети. (Не враховуючи князівські скрині)",
      "Цей амулет вже вичерпано."
    ]
  },
  "Meat on the Bone": {
    "NAME": "М’ясо на кістці",
    "FLAVOR": "М’ясо продовжує поповнюватися, ніколи не вичерпавшись.",
    "DESCRIPTIONS": [
      "Втрачаючи #b50% життя, чи більше, наприкінці бою, зцілюєтесь #b",
      " ОЗ."
    ]
  },
  "Medical Kit": {
    "NAME": "Медичний комплект",
    "FLAVOR": "«Має все, що потрібно! Мазь для свербіжу, опіку, отрути, й всякого іншого!»",
    "DESCRIPTIONS": [
      "#yСтатусні карти тепер граються. Граючи #yСтатусну карту, вона #yСпалюється."
    ]
  },
  "Membership Card": {
    "NAME": "Членська картка",
    "FLAVOR": "\"Бонусні пропозиції для моїх найцінніших клієнтів!\"",
    "DESCRIPTIONS": [
      "У майбутніх Актах, крамниці з’являються на #b50% частіше. #yБОНУС: #b20% знижка на всі продукти!"
    ]
  },
  "Mercury Hourglass": {
    "NAME": "Ртутний пісочний часомір",
    "FLAVOR": "Зачарований пісочний часомір, який нескінченно крапає.",
    "DESCRIPTIONS": [
      "На початку вашого руху, наносите #b",
      " шкоди всім ворогам."
    ]
  },
  "Molten Egg": {
    "NAME": "Розплавлене яйко",
    "FLAVOR": "Яйко Фенікса. Вона світиться червоною гарячою, киплячою лавою.",
    "DESCRIPTIONS": [
      "Підбираючи, оберіть та #yПоліпшіть карту #yАтаки.",
      "Оберіть карту for "
    ]
  },
  "Molten Egg 2": {
    "NAME": "Розплавлене яйко",
    "FLAVOR": "Яйко Фенікса. Вона світиться червоною гарячою, киплячою лавою.",
    "DESCRIPTIONS": [
      "Щоразу Ви додаєте #yАтаку до Вашої колоди, вона #yПоліпшується."
    ]
  },
  "Mummified Hand": {
    "NAME": "Муміфікована рука",
    "FLAVOR": "Часто смикається, особливо коли ваш пульс високий.",
    "DESCRIPTIONS": [
      "Щоразу Ви граєте #yТалант , випадкова карта у вашій руці коштує #b0 енергії у цьому русі."
    ]
  },
  "Necronomicon": {
    "NAME": "Некрономікон",
    "FLAVOR": "Тільки дурень намагався б використати цю злу силу. Вночі ваші мрії переслідуються образами книги, яка пожирає ваш розум.",
    "DESCRIPTIONS": [
      "Перша #yАтака карта зіграна у кожному руху, коштує #b",
      " або більше, грається двічі. Одягаючи цей амулет, отримуєте #rПрокляту карту.",
      " або більше, грається двічі."
    ]
  },
  "NeowsBlessing": {
    "NAME": "Плач Няу",
    "FLAVOR": "Благословення плачу, яке дарує Няу.",
    "DESCRIPTIONS": [
      "Вороги в ваших перших #b3 боях матимуть 1 ОЗ.",
      "The blessing is used up."
    ]
  },
  "Nilry's Codex": {
    "NAME": "Кодекс нілрі",
    "FLAVOR": "Створено самим цяцькописом (розробником) цієї гри. Очевидно, розвиває розум власника.",
    "DESCRIPTIONS": [
      "Наприкінці кожного руху, можете обрати #b1 з #b3 випадкових карт, та додати у вашу колоду."
    ]
  },
  "Nine Lives": {
    "NAME": "Nine Lives",
    "FLAVOR": "DEPRECATED.",
    "DESCRIPTIONS": [
      "When you would die, heal to full ОЗ instead. NL (Works #b9 times)",
      "When you would die, heal to full ОЗ instead. NL (No more lives)",
      "When you would die, heal to full ОЗ instead. NL (Works #b",
      " more times)"
    ]
  },
  "Ninja Scroll": {
    "NAME": "Пропис ніндзі",
    "FLAVOR": "Містить секрети душогубства.",
    "DESCRIPTIONS": [
      "Починаєте кожен бій з #b",
      " #yЗапоясник(ами) в руці."
    ]
  },
  "Nloth's Gift": {
    "NAME": "Подарунок Нлота",
    "FLAVOR": "Дивний дарунок від Нлота. Щоразу Ви намагаєтесь розгорнути його, інша упакований дарунок такого ж розміру лежить всередині.",
    "DESCRIPTIONS": [
      "В #bТри рази більша ймовірність отримання рідкісних карт при смерті простих монстрів."
    ]
  },
  "Nuclear Battery": {
    "NAME": "Ядерна батарея",
    "FLAVOR": "Оооохх...",
    "DESCRIPTIONS": [
      "На початку кожного бою, #yСпрямовує #b1 #yПлазму."
    ]
  },
  "Nullstone Periapt": {
    "NAME": "Nullstone Periapt",
    "FLAVOR": "DEPRECATED.",
    "DESCRIPTIONS": [
      "Анулюєте наступний #yDebuff you receive from an enemy. NL Recharges in #b10 turns."
    ]
  },
  "Odd Mushroom": {
    "NAME": "Дивний гриб",
    "FLAVOR": "«Після споживання «Трічелли» я відчув себе менше й менше… вразливим.» - Ранвід ",
    "DESCRIPTIONS": [
      "Коли #yУразливі , отримуєте #b25% більше шкоди, замість #b50%."
    ]
  },
  "Oddly Smooth Stone": {
    "NAME": "Вельми гладкий камінець",
    "FLAVOR": "Ви ніколи не бачили дещо настільки гладке.",
    "DESCRIPTIONS": [
      "Починаєте кожен бій з #b",
      " #yСпритності."
    ]
  },
  "Old Coin": {
    "NAME": "Старий мідяк",
    "FLAVOR": "Унікальні монети високо оцінюються купцями за їх історичну цінність та рідкісний металевий склад.",
    "DESCRIPTIONS": [
      "Підбираючи, отримуєте #b300 #yЗолота."
    ]
  },
  "Omamori": {
    "NAME": "Омаморі",
    "FLAVOR": "Простонародний амулет проти огидних духів. Цей має іскру божественної енергії.",
    "DESCRIPTIONS": [
      "Анулюєте наступні #b2 #rПрокляття.",
      "Анулюєте наступне #rПрокляття.",
      "Цей амулет вже вичерпано."
    ]
  },
  "Orichalcum": {
    "NAME": "Орихалкум",
    "FLAVOR": "Зеленуватий метал, невідомого походження. На вигляд незламний.",
    "DESCRIPTIONS": [
      "Закінчуючи свій хід без #yБроні, отримуєте #b",
      " #yБроні."
    ]
  },
  "Ornamental Fan": {
    "NAME": "Декоративне віяло",
    "FLAVOR": "Схоже, це віяло розширюється та твердіє коли проливається кров.",
    "DESCRIPTIONS": [
      "Щоразу Ви граєте #b3 #yАтаки за один хід, отримуєте #b",
      " #yBlock."
    ]
  },
  "Orrery": {
    "NAME": "Кишеньковий планетарій",
    "FLAVOR": "«Як тільки Ви зрозумієте Всесвіт…» - Зорот",
    "DESCRIPTIONS": [
      "Оберіть та додайте #b5 карт до Вашої колоди.",
      "Знавство!"
    ]
  },
  "Pandora's Box": {
    "NAME": "Коробка Пандори",
    "FLAVOR": "У Вам не хочеться відкрити цю коробку.",
    "DESCRIPTIONS": [
      "#bПеретвори усі карти Удару та Захисту.",
      "Коробка Пандори відкрита…"
    ]
  },
  "Pantograph": {
    "NAME": "Пантограф",
    "FLAVOR": "«Міцні фундаменти, не випадкові. Інструменти для планування є обов’язковими.» - Архітектор",
    "DESCRIPTIONS": [
      "На початку борні з Князями, зцілюєтесь на #b",
      " ОЗ."
    ]
  },
  "Paper Crane": {
    "NAME": "Паперовий журавлик",
    "FLAVOR": "Істота з Оріґамі, з минулого віку.",
    "DESCRIPTIONS": [
      "Вороги з #yСлабкістю наносять #b50% менше шкоди, замість #b25%."
    ]
  },
  "Paper Frog": {
    "NAME": "Паперова жабка",
    "FLAVOR": "Папір постійно складається і розвертається у формі маленької істоти.",
    "DESCRIPTIONS": [
      "Вороги з #yУразливістю отримують #b75% більше шкоди, замість #b50%."
    ]
  },
  "Peace Pipe": {
    "NAME": "Трубка хешу",
    "FLAVOR": "Очищає душу й розум.",
    "DESCRIPTIONS": [
      "Ви можете усувати одну карту з колоди, у Таборах відпочинку."
    ]
  },
  "Pear": {
    "NAME": "Груша",
    "FLAVOR": "Простонародний фрукт до чуми.",
    "DESCRIPTIONS": [
      "Підбираючи, збільшує макс. ОЗ на #b"
    ]
  },
  "Pen Nib": {
    "NAME": "Ручка",
    "FLAVOR": "Тримаючи ручку, Ви бачите кожного вбитого, попереднього власника ручки. Нестямна історія.",
    "DESCRIPTIONS": [
      "Кожна #b10-та #yАтака, наносить подвійну шкоду."
    ]
  },
  "Philosopher's Stone": {
    "NAME": "Філософський камінь",
    "FLAVOR": "Невидима енергія випромінюється з цього каменю, надаючи всім поряд могутність.",
    "DESCRIPTIONS": [
      " ВСІ вороги починаються з #b+2 #yМіці.",
      "Отримуєте [R] на початку кожного руху.",
      "Отримуєте [G] на початку кожного руху.",
      "Отримуєте [B] на початку кожного руху."
    ]
  },
  "Potion Belt": {
    "NAME": "Пасок для зілля",
    "FLAVOR": "Моні влазить більше зілля з цим паском!",
    "DESCRIPTIONS": [
      "Підбираючи, отримуєте #b2 додаткових місця для зілля."
    ]
  },
  "Prayer Wheel": {
    "NAME": "Молебне колесо",
    "FLAVOR": "Колесо крутитися, не зупиняючись.",
    "DESCRIPTIONS": [
      "Усі звичайні вороги, лишають по собі додаткову карту."
    ]
  },
  "Question Card": {
    "NAME": "Рада",
    "FLAVOR": "«Ті, з більшим вибором, мінімізують недоліки хаосу.» - Кублай Великий",
    "DESCRIPTIONS": [
      "На екрані Нагород, Ви обираєте на #y1 #yкарту #yбільше."
    ]
  },
  "Red Circlet": {
    "NAME": "Червоний браслет",
    "FLAVOR": "Ви зібрали усі Амулети. Вражаюче!",
    "DESCRIPTIONS": [
      "Красивий браслет."
    ]
  },
  "Red Mask": {
    "NAME": "Червона маска",
    "FLAVOR": "Ця стильна маска, належить лідерові бандитів Червоної Маски. Технічно це робить Вас лідером, чи ні?",
    "DESCRIPTIONS": [
      "На початку кожного бою, наносите #b",
      " #yСлабкість на ВСІХ ворогів."
    ]
  },
  "Red Skull": {
    "NAME": "Червоний череп",
    "FLAVOR": "Невеликий череп, покритий декоративною фарбою.",
    "DESCRIPTIONS": [
      "Допоки Ваше ОЗ знаходиться на рівні #b50% чи нижче, Ви маєте #b",
      " додаткової #yМіці."
    ]
  },
  "Regal Pillow": {
    "NAME": "Королівська подушка",
    "FLAVOR": "Нарешті нормально зможете обіснути.",
    "DESCRIPTIONS": [
      "Зцілюєтесь на додаткові #b",
      " ОЗ коли відпочиваєте у #yТаборі."
    ]
  },
  "Ring of the Serpent": {
    "NAME": "Кільце гадюки",
    "FLAVOR": "Ваше кільце змінило форму.",
    "DESCRIPTIONS": [
      "Замінює #gЗміїне #gкільце. ",
      "На початку Вашого руху, тасуєте #b1 додаткову карту."
    ]
  },
  "Ring of the Snake": {
    "NAME": "Зміїне кільце",
    "FLAVOR": "Виготовлений з скам’янілої рептилії. Представляє ваші чудові навички.",
    "DESCRIPTIONS": [
      "На початку кожного бою, берете #b",
      " додаткових карт."
    ]
  },
  "Runic Capacitor": {
    "NAME": "Рунічний конденсатор",
    "FLAVOR": "Більше - краще.",
    "DESCRIPTIONS": [
      "Починаєте кожен бій з #b3-ма додатковими місцями для Сфер."
    ]
  },
  "Runic Cube": {
    "NAME": "Рунічний куб",
    "FLAVOR": "Руни не розпізнаються.",
    "DESCRIPTIONS": [
      "Щоразу Ви втрачаєте ОЗ, берете #b",
      " карт(и) у руку.",
      ""
    ]
  },
  "Runic Dome": {
    "NAME": "Рунічний купол",
    "FLAVOR": "Руни не розпізнаються.",
    "DESCRIPTIONS": [
      "На початку кожного руху. Ви більше не бачите #bНаміри ворогів.",
      "Отримуєте [R] ",
      "Отримуєте [G] ",
      "Отримуєте [B] "
    ]
  },
  "Runic Pyramid": {
    "NAME": "Рунічна піраміда",
    "FLAVOR": "Руни не розпізнаються.",
    "DESCRIPTIONS": [
      "Наприкінці кожного руху, Ви більше не відкидаєте карти.",
      ""
    ]
  },
  "Self Forming Clay": {
    "NAME": "Самоформуюча глина",
    "FLAVOR": "«Найцікавіше що вона формується на моїх думках! Теле-Глина?» - Ранвід",
    "DESCRIPTIONS": [
      "Щоразу ти втрачаєте ОЗ в бою, отримуєте #b",
      " #yБроні наступного руху."
    ]
  },
  "Shovel": {
    "NAME": "Лопата",
    "FLAVOR": "У Вежі існують амулети минулих цивілізацій та потужних авантюристів, втрачені з часом. Час їх відкопати!",
    "DESCRIPTIONS": [
      "Ви тепер можете #yКопати за скарбами у Таборах."
    ]
  },
  "Shuriken": {
    "NAME": "Шурікен",
    "FLAVOR": "Легка металева зброя. Порекомендую цілитись у очі.",
    "DESCRIPTIONS": [
      "Щоразу Ви граєте #b",
      " #yАтаки за один хід, отримуєте #b",
      " #yМіці."
    ]
  },
  "Singing Bowl": {
    "NAME": "Співуча чаша",
    "FLAVOR": "Цей сильно зношений артефакт, грає красивою мелодією.",
    "DESCRIPTIONS": [
      "При додаванні карт до Вашої колоди, Ви натомість можете отримати #b+2 макс. ОЗ."
    ]
  },
  "Smiling Mask": {
    "NAME": "Посміхаюча маска",
    "FLAVOR": "Маска Торговця. В нього має бути декілька запасних…",
    "DESCRIPTIONS": [
      "Послуга видалення карт, завжди коштує #b",
      " #yЗолота."
    ]
  },
  "Snake Skull": {
    "NAME": "Череп Зміяки",
    "FLAVOR": "Череп Зміяки в первозданному стані. Загадково чистий і гладкий.",
    "DESCRIPTIONS": [
      "Щоразу Ви наносите #yОтруту, наносите додатково #b",
      " #yОтрути."
    ]
  },
  "Snecko Eye": {
    "NAME": "Око Зміяка",
    "FLAVOR": "Око мертвого Зміяка. Набагато більше, ніж ви собі уявляли.",
    "DESCRIPTIONS": [
      "Берете #b2 додаткові карти кожен хід. Починаєте кожен бій #yНестямним."
    ]
  },
  "Sozu": {
    "NAME": "Сузу",
    "FLAVOR": "Ви помічаєте, що магічні рідини, здається, втрачають свої властивості, поблизу цього амулету.",
    "DESCRIPTIONS": [
      " Більше не отримуєте зілля. ",
      "Отримуєте [R] на початку кожного руху.",
      "Отримуєте [G] на початку кожного руху.",
      "Отримуєте [B] на початку кожного руху."
    ]
  },
  "Spirit Poop": {
    "NAME": "Сморід",
    "FLAVOR": "Сила нечиста щось підкинула…",
    "DESCRIPTIONS": [
      "Сто чортів в печінку тому хто підкинув це."
    ]
  },
  "Strange Spoon": {
    "NAME": "Дивна ложка",
    "FLAVOR": "Дивлячись на ложку, здається що вона згинається, вивертаючися перед очима.",
    "DESCRIPTIONS": [
      "Карти які #yСпалюються при грі, замість цього, усуватимуться у Відбій з #b50% шансом."
    ]
  },
  "Strawberry": {
    "NAME": "Полуниця",
    "FLAVOR": "«Дуже смачно! Давно не бачив жодної з них.» - Ранвід",
    "DESCRIPTIONS": [
      "Підбираючи, збільшує макс ОЗ на #b"
    ]
  },
  "Sundial": {
    "NAME": "Сонячний годинник",
    "FLAVOR": "«Нерозумна одержимість ранніх людей з часом, змусила їх дивитися на небо в пошуку напрямку, сподіваючись на щось витривале.» - Зорот",
    "DESCRIPTIONS": [
      "Кожен #b",
      " раз(и) Ви проходите через добір, отримуєте [R] [R] .",
      " раз(и) Ви проходите через добір, отримуєте [G] [G] .",
      " раз(и) Ви проходите через добір, отримуєте [B] [B] ."
    ]
  },
  "Symbiotic Virus": {
    "NAME": "Симбіотичний вірус",
    "FLAVOR": "Трохи капості може бути вкрай корисно...",
    "DESCRIPTIONS": [
      "На початку кожного бою, #yСпрямовує #b1 #yПітьму."
    ]
  },
  "Test 1": {
    "NAME": "Тест 1",
    "FLAVOR": "Тестовий амулет. Якщо вам вона подобається, дайте нам знати.",
    "DESCRIPTIONS": [
      "Щоразу Ви використовуєте зілля, отримуєте ",
      " [R] .",
      " [G] .",
      " [B] ."
    ]
  },
  "Test 2": {
    "NAME": "Test 2",
    "FLAVOR": "Тестовий амулет. Якщо вам вона подобається, дайте нам знати.",
    "DESCRIPTIONS": [
      "При перегляді #yДобору, карти тепер показані по порядку."
    ]
  },
  "Test 3": {
    "NAME": "Test 3",
    "FLAVOR": "Тестовий амулет. Якщо вам вона подобається, дайте нам знати.",
    "DESCRIPTIONS": [
      "Отримуючи, #yПоліпшує усі Ваші #yЗахист карти."
    ]
  },
  "Test 4": {
    "NAME": "Test 4",
    "FLAVOR": "Тестовий амулет. Якщо вам вона подобається, дайте нам знати.",
    "DESCRIPTIONS": [
      "На початку бою, вартість усіх #yУдар карт стає #b0 енергії."
    ]
  },
  "Test 5": {
    "NAME": "Test 5",
    "FLAVOR": "Тестовий амулет. Якщо вам вона подобається, дайте нам знати.",
    "DESCRIPTIONS": [
      "Підбираючи, #yПоліпшує #b",
      " випадкових #yВміннь."
    ]
  },
  "Test 6": {
    "NAME": "Test 6",
    "FLAVOR": "Тестовий амулет. Якщо вам вона подобається, дайте нам знати.",
    "DESCRIPTIONS": [
      "Наприкінці кожного руху, отримуєте #b",
      " #yБроні за кожні #b",
      " #yЗолота у кишені."
    ]
  },
  "Test 7": {
    "NAME": "Test 7",
    "FLAVOR": "Тестовий амулет. Якщо вам вона подобається, дайте нам знати.",
    "DESCRIPTIONS": [
      "#yЕліта відтепер залишають по собі #b2 #yАмулети."
    ]
  },
  "Test 8": {
    "NAME": "Test 8",
    "FLAVOR": "Тестовий амулет. Якщо вам вона подобається, дайте нам знати.",
    "DESCRIPTIONS": [
      "Берете #b2 додаткові карти кожен хід. Починаєте кожен бій з #yНестямний."
    ]
  },
  "The Courier": {
    "NAME": "Гонець",
    "FLAVOR": "Особиста домашня тваринка торговця!",
    "DESCRIPTIONS": [
      "У торговця більше не вичерпуються карти, амулети та зілля. А ціни знижуються на #b20%."
    ]
  },
  "The Specimen": {
    "NAME": "Зразок",
    "FLAVOR": "«Захоплююче! Я знайшов мутовану істоту, що демонструє вражаючі токсичні властивості. Зберігаю зразок для подальшого вивчення.» - Ранвід",
    "DESCRIPTIONS": [
      "Щоразу ворог вмирає, передає кількість її #yОтрути до випадкового ворога."
    ]
  },
  "Thread and Needle": {
    "NAME": "Нитка та голка",
    "FLAVOR": "Обертаючи чарівну нитку навколо вашого тіла, ви почуваєтесь важче на дотик.",
    "DESCRIPTIONS": [
      "На початку кожного бою, отримуєте #b",
      " #yПанцерної #yБроні."
    ]
  },
  "Tingsha": {
    "NAME": "Тінгша",
    "FLAVOR": "Звук, який цей прилад генерує, здається, здатний болісних рівнів гучності.",
    "DESCRIPTIONS": [
      "Щоразу Ви усуваєте карту під час вашого руху, також наносите #b",
      " шкоди випадковому ворогу, за кожну карту Ви усуваєте."
    ]
  },
  "Tiny Chest": {
    "NAME": "Крихітна скриня",
    "FLAVOR": "«Чудовий прототип.» - Архітектор",
    "DESCRIPTIONS": [
      "Отримуєте #b",
      " #yЗолота. У Вас на #b10% більше шансу знайти скарби у (?) кімнатах.",
      "У Вас на #b10% більше шансу знайти скарби у (?) кімнатах."
    ]
  },
  "Tiny House": {
    "NAME": "Крихітний будинок",
    "FLAVOR": "«Майже ідеальна реалізація мініатюризації. Моя найкраща робота на сьогоднішній день, але все одно не  адекватна.» - Архітектор",
    "DESCRIPTIONS": [
      "Підбираючи, отримуєте #b1 зілля. NL Отримуєте #b",
      " #yЗолота. NL збільшує макс. ОЗ на #b",
      ". NL Отримуєте #b1 карту. NL Поліпшуєте #b1 випадкову карту.",
      "Крихітний Будинок!"
    ]
  },
  "Toolbox": {
    "NAME": "Ящик з інструментами",
    "FLAVOR": "Інструменти для всяких робіт.",
    "DESCRIPTIONS": [
      "На початку кожного бою, додайте у руку випадкову безбарвну карту."
    ]
  },
  "Torii": {
    "NAME": "Торій",
    "FLAVOR": "Утримуючи маленьку Торію, Ви відчуваєте спокій і безпеку.",
    "DESCRIPTIONS": [
      "Щоразу ти отримуєте #b",
      " чи менше не блокованої шкоди від карт #yАтаки, зменшуєте шкоду до #b1."
    ]
  },
  "Tough Bandages": {
    "NAME": "Жорстка пов’язка",
    "FLAVOR": "Втрата дає силу.",
    "DESCRIPTIONS": [
      "Щоразу Ви усуваєте карту під час вашого руху, отримуєте #b",
      " #yБроні."
    ]
  },
  "Toxic Egg": {
    "NAME": "Токсичне яйко",
    "FLAVOR": "«Яке чудове відкриття! Це, здається, неактивне яйко якоїсь магічної істоти. Хто чи що створило це??» - Ранвід",
    "DESCRIPTIONS": [
      "Підбираючи, оберіть та #yполіпшіть #yВміння.",
      "Оберіть карту для "
    ]
  },
  "Toxic Egg 2": {
    "NAME": "Токсичне яйко",
    "FLAVOR": "«Яке чудове відкриття! Це, здається, неактивне яйко якоїсь магічної істоти. Хто чи що створило це?» - Ранвід",
    "DESCRIPTIONS": [
      "Щоразу Ви додаєте #yВміння до Вашої колоди, вона #yПоліпшується."
    ]
  },
  "Toy Ornithopter": {
    "NAME": "Іграшка орніфоптер",
    "FLAVOR": "«Ця маленька іграшка є ідеальним попутником для самотнього авантюриста!»",
    "DESCRIPTIONS": [
      "Щоразу Ви використовуєте зілля, зцілюєте #b",
      " ОЗ."
    ]
  },
  "Turnip": {
    "NAME": "Буряк",
    "FLAVOR": "Зазвичай, знайдено у борщі.",
    "DESCRIPTIONS": [
      "Ви не можете стати #yКволим."
    ]
  },
  "Unceasing Top": {
    "NAME": "Неперевершена дзиґа",
    "FLAVOR": "Дзиґа продовжує крутитися без зусиль, ніби ви перебуваєте у сні.",
    "DESCRIPTIONS": [
      "Щоразу Вам бракує карт у руці під час вашого руху, берете одну карта."
    ]
  },
  "Vajra": {
    "NAME": "Вайра",
    "FLAVOR": "Орнаментальний амулет, надана воїнам, що демонструють славу в битві.",
    "DESCRIPTIONS": [
      "Починаєте кожен бій з #b",
      " #yМіці."
    ]
  },
  "Velvet Choker": {
    "NAME": "Бархатний намистик",
    "FLAVOR": "«Величезна влада, але занадто обмежена.» - Кублай Великий",
    "DESCRIPTIONS": [
      "Ви не можете грати більше ніж #b",
      " карт за хід.",
      "Отримуєте [R] на початку кожного руху. ",
      "Отримуєте [G] на початку кожного руху. ",
      "Отримуєте [B] на початку кожного руху. ",
      "Я можу тільки грати NL #r"
    ]
  },
  "War Paint": {
    "NAME": "Воєнна фарба",
    "FLAVOR": "У минулому Броненосці розмальовували себе зачарованою фарбою перед штурмом.",
    "DESCRIPTIONS": [
      "Підбираючи, #yПоліпшує #b",
      " випадкові #yВміння."
    ]
  },
  "Whetstone": {
    "NAME": "Точильний камінь",
    "FLAVOR": "«Ніщо ніколи не поб’є сталь.» - Кублай Великий",
    "DESCRIPTIONS": [
      "Підбираючи, #yПоліпшить #b",
      " випадкову(их) карт(у) #yАтаки."
    ]
  },
  "White Beast Statue": {
    "NAME": "Статуя білого звіра",
    "FLAVOR": "Невелика статуя істоти, яку ви ніколи не бачили раніше.",
    "DESCRIPTIONS": [
      "Зілля завжди падає після бою."
    ]
  },
  "Boot": {
    "NAME": "Сап'янець",
    "FLAVOR": "При пораненні, більшає.",
    "DESCRIPTIONS": [
      "Щоразу наносячи #b",
      " чи менше не блокованої #yАтакуючої шкоди, збільшує її до #b5."
    ]
  },
  "Mark of the Bloom": {
    "NAME": "Клеймо розквіту",
    "FLAVOR": "У Вирію, думки та реальність поєднані.",
    "DESCRIPTIONS": [
      "Ви більше не можете зцілюватися."
    ]
  },
  "Busted Crown": {
    "NAME": "Пошкоджена корона",
    "FLAVOR": "Корона Чемпіона… чи імітація?",
    "DESCRIPTIONS": [
      "На екрані Нагород, Ви обираєте на #b2 карти менше.",
      "Отримуєте [R] на початку кожного руху. ",
      "Отримуєте [G] на початку кожного руху. ",
      "Отримуєте [B] на початку кожного руху. "
    ]
  },
  "Incense Burner": {
    "NAME": "Пахучий пальник",
    "FLAVOR": "Дим з пальнички надихає власника, духами спалених.",
    "DESCRIPTIONS": [
      "Кожні #b5 рухів, отримуєте #b1 #yУхиляння."
    ]
  },
  "Empty Cage": {
    "NAME": "Порожня клітка",
    "FLAVOR": "«Незвично так до клітки ти вклоняєшся.» — Ранвід",
    "DESCRIPTIONS": [
      "Підбираючи, усуваєте #b2 карти з колоди.",
      "Оберіть та усуньте 2 карти."
    ]
  },
  "Fusion Hammer": {
    "NAME": "Сплавлений клевець",
    "FLAVOR": "Підбираючи цей клевець, ново-власник більше не може його відпустити.",
    "DESCRIPTIONS": [
      "на початку кожного руху. Ви більше не зможете Кувати у Таборах.",
      "Отримуєте [R] ",
      "Отримуєте [G] ",
      "Отримуєте [B] "
    ]
  },
  "Coffee Dripper": {
    "NAME": "Кишенькова кавоварка",
    "FLAVOR": "«О яка файна філіжанка кави! Ще одну будь ласка!… …назад до роботи. Так, назад до роботи!» — Архітектор",
    "DESCRIPTIONS": [
      "на початку кожного руху. Ви більше не зможете Відпочивати у Таборах.",
      "Отримуєте [R] ",
      "Отримуєте [G] ",
      "Отримуєте [B] "
    ]
  },
  "SsserpentHead": {
    "NAME": "Голова Зміюки",
    "FLAVOR": "Найцінніше життя - це те, в якому можна купити усе!",
    "DESCRIPTIONS": [
      "Щоразу Ви заходите у (?) кімнату, отримуєте #b",
      " #yЗолота."
    ]
  },
  "FaceOfCleric": {
    "NAME": "Лице Церковника",
    "FLAVOR": "Усі полюбляють Церковника.",
    "DESCRIPTIONS": [
      "Збільшує Ваше макс. ОЗ на 1 після кожного бою."

    ]
  },
  "NlothsMask": {
    "NAME": "Голодне обличчя Нлота",
    "FLAVOR": "Ви почуваєтеся голодим.",
    "DESCRIPTIONS": [
      "Наступна не князівська скриня, пуста.",
      ""
    ]
  },
  "GremlinMask": {
    "NAME": "Обличчя Гремліна",
    "FLAVOR": "Час тікати.",
    "DESCRIPTIONS": [
      "Починаєте кожен бій з #b1 #yСлабкістю."
    ]
  },
  "CultistMask": {
    "NAME": "Мисюрка Культиста",
    "FLAVOR": "Частина зграї!",
    "DESCRIPTIONS": [
      "Ви почуваєтесь говірким.",
      "@КАА!@ NL @КАААРР@"
    ]
  },
  "TheAbacus": {
    "NAME": "Рахівниця",
    "FLAVOR": "«Один...два...три...»",
    "DESCRIPTIONS": [
      "Отримуєте #b6 #yБроні щоразу Ви тасуєте добір."
    ]
  },
  "DollysMirror": {
    "NAME": "Дзеркало лялечки",
    "FLAVOR": "«Я виглядаю кумедно у цьому віддзеркаленні.»",
    "DESCRIPTIONS": [
      "Підбираючи, отримуєте додаткову копію карти у Вашій колоді.",
      "Оберіть 1 карту щоб скопіювати."
    ]
  },
  "ClockworkSouvenir": {
    "NAME": "Подарунок Годинникового",
    "FLAVOR": "«Такий складний механізм.»",
    "DESCRIPTIONS": [
      "На початку кожного бою, отримуєте #b1 #yАртефакт."
    ]
  },
  "MealTicket": {
    "NAME": "Квиток на їжу",
    "FLAVOR": "«Безкоштовні фрикадельки з кожним відвідуванням!»",
    "DESCRIPTIONS": [
      "Щоразу Ви заходите у крамницю, зцілюєтесь на #b7 ОЗ."
    ]
  },
  "TwistedFunnel": {
    "NAME": "Кручена лійка",
    "FLAVOR": "«Я б не пив звідси.»",
    "DESCRIPTIONS": [
      "На початку кожного бою, наносить #b4 #yОтрути усім ворогам."
    ]
  },
  "HandDrill": {
    "NAME": "Ручна дриль",
    "FLAVOR": "«Спіралі небезпечні.»",
    "DESCRIPTIONS": [
      "Щоразу Ви збиваєте #yБроню ворога, наносите #b2 #yУразливості."
    ]
  },
  "HoveringKite": {
    "NAME": "Повітряний змій",
    "FLAVOR": "Іграшковий змій який літає поруч з Вами у битві, урухомлений дивними силами.",
    "DESCRIPTIONS": [
      "Отримуєте [G] та кладете #b1 карту у Відбій, на початку кожного руху."
    ]
  },
  "Sling": {
    "NAME": "Швигалка надії",
    "FLAVOR": "«Зручний інструмент щоб справлятися з особливо важкими супротивниками.»",
    "DESCRIPTIONS": [
      "Починаєте кожен бій з Елітою, з #b",
      " #yМіці."
    ]
  },
  "OrangePellets": {
    "NAME": "Помаранчеві таблетки",
    "FLAVOR": "«Створені з різної осуги, знайденої у Вежі. Вб’є усі інфекції.»",
    "DESCRIPTIONS": [
      "Щоразу Ви граєте #yТалант, #yАтаку та #yВміння у одиному русі, позбуваєтеся усіх негативних статус ефектів."
    ]
  }
}