{
  "Allstar": {
    "NAME": "Видатні",
    "DESCRIPTION": "Починаєте з 5-ма безбарвними картами."
  },
  "Binary": {
    "NAME": "Подвійний всесвіт",
    "DESCRIPTION": "Обираєте з 2-х карт, намість 3-ох."
  },
  "Brewmaster": {
    "NAME": "Майстер зіллє-варення",
    "DESCRIPTION": "Починаєте з 5-ма копіями Токсинології та Статуєю білого звіра."
  },
  "Cursed Run": {
    "NAME": "Прокляте",
    "DESCRIPTION": "Після кожного князя, стаєте проклятим(-ою). Початковий амулет замінюється на Проклятий Ключ, Темно-камінний Амулет та Ду-Ву Ляльку."
  },
  "Diverse": {
    "NAME": "Різноманітність",
    "DESCRIPTION": "Тип карт тепер не обмежуються вашим персонажем."
  },
  "Draft": {
    "NAME": "Чорняк",
    "DESCRIPTION": "Створіть назамовну колоду карт, на початку гри."
  },
  "Elite Swarm": {
    "NAME": "Олігархія",
    "DESCRIPTION": "Вежа кишить Елітою. Еліта залишає по собі кращі нагороди."
  },
  "Endless": {
    "NAME": "Нескінченність",
    "DESCRIPTION": "Перемога повертає Вас назад до Воріт з тією ж колодою. Та стережіться, бо моровиця знищує усіх, навіть наймогутніших з нас..."
  },
  "Blight Chests": {
    "NAME": "Моровицеві скарбниці",
    "DESCRIPTION": "Князеві скарбниці містять моровиці після 3 Акту у Нескінченній грі."
  },
  "Heirloom": {
    "NAME": "Спадщина",
    "DESCRIPTION": "Починаєте гру з рідкісним амулетом."
  },
  "Hoarder": {
    "NAME": "Жадібність",
    "DESCRIPTION": "Щоразу Ви додаєте карту у Вашу Колоду, отримуєте ще дві копії. Торговець більше не надає послугу видалення карт."
  },
  "Inception": {
    "NAME": "Початок",
    "DESCRIPTION": "Замінює початковий амулет на «Неперевершену дзиґа»."
  },
  "Insanity": {
    "NAME": "Божевілля",
    "DESCRIPTION": "Починаєте з випадковою колодою в 50 карт."
  },
  "Lethality": {
    "NAME": "Смертельність",
    "DESCRIPTION": "Починаєте кожен бій з +3 Міці. Усі вороги починають з +3 Міці."
  },
  "Midas": {
    "NAME": "Мідас",
    "DESCRIPTION": "Вороги лишають по собі 200% більше золота, але ви не можете поліпшувати карти у Таборах."
  },
  "My True Form": {
    "NAME": "Моя справжня форма",
    "DESCRIPTION": "Починаєте з Демоновою формою, Спектральною формою та Відлунням."
  },
  "Night Terrors": {
    "NAME": "Нічні жахи",
    "DESCRIPTION": "Відпочинок біля вогнища зцілює 100% вашого ОЗ, проте коштує 5 макс. ОЗ."
  },
  "One Hit Wonder": {
    "NAME": "Чудо юдо",
    "DESCRIPTION": "Починаєте гру з 1 макс. ОЗ."
  },
  "Praise Snecko": {
    "NAME": "Слава Зміяку",
    "DESCRIPTION": "Замінює початковий амулет на «Око Зміяки»."
  },
  "Shiny": {
    "NAME": "Розкішне",
    "DESCRIPTION": "Початкова колода замінюється рідкісними картами."
  },
  "Specialized": {
    "NAME": "Спеціалізація",
    "DESCRIPTION": "Починаєте з 5-ма копіями одної рідкісної карти."
  },
  "Starter Deck": {
    "NAME": "Початкова колода",
    "DESCRIPTION": "Починаєте з Пошкодженою короною та Подвійний всесвіт, вороги більше не залишають по собі карти."
  },
  "Terminal": {
    "NAME": "Смертельна хвороба",
    "DESCRIPTION": "Щоразу Ви заходите у нову кімнату - втрачаєте 1 макс. ОЗ. Починаєте кожен бій з 5 Панцерної Броні."
  },
  "Time Dilation": {
    "NAME": "Кривизна часу",
    "DESCRIPTION": "Усі вороги починають бій сповільненими."
  },
  "Uncertain Future": {
    "NAME": "Пізнане майбутнє",
    "DESCRIPTION": "На мапі лише один шлях."
  },
  "Vintage": {
    "NAME": "Осучас",
    "DESCRIPTION": "Звичайні вороги залишають по собі амулети, замість карт."
  }
}